Modifiers,Raw Descriptors,Stimulus,CID,MolecularWeight,IsomericSMILES,IUPACName,name,odor
,fruity aroma??,49,49,116.11,CC(C)C(=O)C(=O)O,3-methyl-2-oxobutanoic acid,3-methyl-2-oxobutanoic acid,1
,balsamic,107,107,150.17,C1=CC=C(C=C1)CCC(=O)O,3-phenylpropanoic acid,hydrocinnamic acid,1
,nutty aroma,126,126,122.12,C1=CC(=CC=C1C=O)O,4-hydroxybenzaldehyde,4-hydroxybenzaldehyde,1
,sour,176,176,60.05,CC(=O)O,acetic acid,acetic acid,1
,ethereal,177,177,44.05,CC=O,acetaldehyde,acetaldehyde,1
,fruity,179,179,88.11,CC(C(=O)C)O,3-hydroxybutan-2-one,acetoin,1
,minty??????,196,196,146.14,C(CCC(=O)O)CC(=O)O,hexanedioic acid,adipic acid,1
,,239,239,89.09,C(CN)C(=O)O,3-aminopropanoic acid,beta-alanine,0
,almond,240,240,106.12,C1=CC=C(C=C1)C=O,benzaldehyde,benzaldehyde,1
,garlic,241,241,78.11,C1=CC=CC=C1,benzene,benzene,1
,almond,243,243,122.12,C1=CC=C(C=C1)C(=O)O,benzoic acid,benzoic acid,1
,fruity,244,244,108.14,C1=CC=C(C=C1)CO,phenylmethanol,benzyl alcohol,1
,nutty,261,261,72.11,CCCC=O,butanal,butyraldehyde,1
,fruity,263,263,74.12,CCCCO,butan-1-ol,1-butanol,1
,salt,264,264,88.11,CCCC(=O)O,butanoic acid,butyric acid,1
,caraway,325,325,150.22,CC(C)C1=CC=C(C=C1)CO,(4-propan-2-ylphenyl)methanol,4-isopropylbenzyl alcohol,1
,wood,326,326,148.2,CC(C)C1=CC=C(C=C1)C=O,4-propan-2-ylbenzaldehyde,4-isopropylbenzaldehyde,1
,curry,332,332,150.17,COC1=C(C=CC(=C1)C=C)O,4-ethenyl-2-methoxyphenol,2-methoxy-4-vinylphenol,1
,nutty aroma,338,338,138.12,C1=CC=C(C(=C1)C(=O)O)O,2-hydroxybenzoic acid,salicylic acid,1
,,379,379,144.21,CCCCCCCC(=O)O,octanoic acid,octanoic acid,0
,lemon,454,454,128.21,CCCCCCCC=O,octanal,octanal,1
,smoke-like,460,460,124.14,COC1=CC=CC=C1O,2-methoxyphenol,guaiacol,1
,buttery odour,650,650,86.09,CC(=O)C(=O)C,"butane-2,3-dione","2,3-butanedione",1
,coconut,660,660,148.16,C1CC(=O)OC2=CC=CC=C21,"3,4-dihydrochromen-2-one",dihydrocoumarin,1
,,798,798,117.15,C1=CC=C2C(=C1)C=CN2,1H-indole,indole,0
,,880,880,72.06,CC(=O)C=O,2-oxopropanal,methylglyoxal,0
,citrus,957,957,130.23,CCCCCCCCO,octan-1-ol,1-octanol,1
,grass,985,985,256.42,CCCCCCCCCCCCCCCC(=O)O,hexadecanoic acid,palmitic acid,1
,,994,994,165.19,C1=CC=C(C=C1)CC(C(=O)O)N,2-amino-3-phenylpropanoic acid,dl-phenylalanine,0
,sweet,996,996,94.11,C1=CC=C(C=C1)O,phenol,phenol,1
,rose,998,998,120.15,C1=CC=C(C=C1)CC=O,2-phenylacetaldehyde,phenylacetaldehyde,1
,rose,999,999,136.15,C1=CC=C(C=C1)CC(=O)O,2-phenylacetic acid,phenylacetic acid,1
,fishy,1001,1001,121.18,C1=CC=C(C=C1)CCN,2-phenylethanamine,phenethylamine,1
,rancid ,1032,1032,74.08,CCC(=O)O,propanoic acid,propionic acid,1
,sour vinegar,1060,1060,88.06,CC(=O)C(=O)O,2-oxopropanoic acid,pyruvic acid,1
,Fishy aroma??????,1182,1182,117.15,CC(C)C(C(=O)O)N,2-amino-3-methylbutanoic acid,dl-valine,1
,vanilla,1183,1183,152.15,COC1=C(C=CC(=C1)C=O)O,4-hydroxy-3-methoxybenzaldehyde,vanillin,1
,vanilla,2214,2214,166.17,CC(=O)C1=CC(=C(C=C1)O)OC,1-(4-hydroxy-3-methoxyphenyl)ethanone,acetovanillone,1
,balsamic,2345,2345,212.24,C1=CC=C(C=C1)COC(=O)C2=CC=CC=C2,benzyl benzoate,benzyl benzoate,1
,minty,2537,2537,152.23,CC1(C2CCC1(C(=O)C2)C)C,"1,7,7-trimethylbicyclo[2.2.1]heptan-2-one",camphor,1
,fruity,2682,2682,242.44,CCCCCCCCCCCCCCCCO,hexadecan-1-ol,1-hexadecanol,1
,tarry-smoky,2879,2879,108.14,CC1=CC=C(C=C1)O,4-methylphenol,p-cresol,1
,rancid,2969,2969,172.26,CCCCCCCCCC(=O)O,decanoic acid,decanoic acid,1
,floral,3102,3102,182.22,C1=CC=C(C=C1)C(=O)C2=CC=CC=C2,diphenylmethanone,benzophenone,1
,Aroma of cloves ,3314,3314,164.2,COC1=C(C=CC(=C1)CC=C)O,2-methoxy-4-prop-2-enylphenol,eugenol,1
,,3322,3322,244.37,CCCCCCCC=CCC#CC#CC(C=C)O,"heptadeca-1,9-dien-4,6-diyn-3-ol",falcarinol,0
,lily,3893,3893,200.32,CCCCCCCCCCCC(=O)O,dodecanoic acid,lauric acid,1
,mint,4133,4133,152.15,COC(=O)C1=CC=CC=C1O,methyl 2-hydroxybenzoate,methyl salicylate,1
,balsamic,4276,4276,192.21,COC1=CC(=CC2=C1OCO2)CC=C,"4-methoxy-6-prop-2-enyl-1,3-benzodioxole",myristicin,1
,rose-like aroma??,4458,4458,154.25,CC(=CCCC(=CCO)C)C,"3,7-dimethylocta-2,6-dien-1-ol","3,7-dimethyl-2,6-octadien-1-ol",1
,floral aroma??,4775,4775,164.2,C1=CC=C(C=C1)CCCC(=O)O,4-phenylbutanoic acid,4-phenylbutyric acid,1
,Sweet aroma,4788,4788,274.27,C1=CC(=CC=C1CCC(=O)C2=C(C=C(C=C2O)O)O)O,"3-(4-hydroxyphenyl)-1-(2,4,6-trihydroxyphenyl)propan-1-one",phloretin,1
,Salty,4837,4837,86.14,C1CNCCN1,piperazine,piperazine,1
,Sasafras aroma ,5144,5144,162.18,C=CCC1=CC2=C(C=C1)OCO2,"5-prop-2-enyl-1,3-benzodioxole",safrole,1
,coconut,5146,5146,124.14,C1=CC=C(C(=C1)CO)O,2-(hydroxymethyl)phenol,salicyl alcohol,1
,tallow,5281,5281,284.5,CCCCCCCCCCCCCCCCCC(=O)O,octadecanoic acid,stearic acid,1
,Sulferous aroma,5862,5862,121.16,C([C@@H](C(=O)O)N)S,(2R)-2-amino-3-sulfanylpropanoic acid,l-cysteine,1
,,5960,5960,133.1,C([C@@H](C(=O)O)N)C(=O)O,(2S)-2-aminobutanedioic acid,l-aspartic acid,0
,pungent,5971,5971,99.16,C=CCN=C=S,3-isothiocyanatoprop-1-ene,allyl isothiocyanate,1
,Flower,6054,6054,122.16,C1=CC=C(C=C1)CCO,2-phenylethanol,2-phenylethanol,1
,no aroma,6106,6106,131.17,CC(C)C[C@@H](C(=O)O)N,(2S)-2-amino-4-methylpentanoic acid,l-leucine,0
,grass,6184,6184,100.16,CCCCCC=O,hexanal,hexanal,1
,no aroma,6274,6274,155.15,C1=C(NC=N1)C[C@@H](C(=O)O)N,(2S)-2-amino-3-(1H-imidazol-5-yl)propanoic acid,l-histidine,0
,savoury aroma??,6288,6288,119.12,C[C@H]([C@@H](C(=O)O)N)O,"(2S,3R)-2-amino-3-hydroxybutanoic acid",l-threonine,1
,,6322,6322,174.2,C(C[C@@H](C(=O)O)N)CN=C(N)N,(2S)-2-amino-5-(diaminomethylideneamino)pentanoic acid,l-arginine,0
,Fishy ammonia aroma,6341,6341,45.08,CCN,ethanamine,ethanamine,1
,piney aroma ,6448,6448,196.29,CC(=O)OC1CC2CCC1(C2(C)C)C,"(1,7,7-trimethyl-2-bicyclo[2.2.1]heptanyl) acetate",bornyl acetate,1
,herbaceous,6505,6505,402.5,CCCCOC(=O)CC(CC(=O)OCCCC)(C(=O)OCCCC)OC(=O)C,"tributyl 2-acetyloxypropane-1,2,3-tricarboxylate",77-90-7,1
,lavender,6549,6549,154.25,CC(=CCCC(C)(C=C)O)C,"3,7-dimethylocta-1,6-dien-3-ol",linalool,1
,Fruity aroma??,6569,6569,72.11,CCC(=O)C,butan-2-one,2-butanone,1
,citrus,6584,6584,74.08,CC(=O)OC,methyl acetate,methyl acetate,1
,chees,6590,6590,88.11,CC(C)C(=O)O,2-methylpropanoic acid,isobutyric acid,1
,camphor,6616,6616,136.23,CC1(C2CCC(C2)C1=C)C,"2,2-dimethyl-3-methylidenebicyclo[2.2.1]heptane",camphene,1
,pine,6654,6654,136.23,CC1=CCC2CC1C2(C)C,"2,6,6-trimethylbicyclo[3.1.1]hept-2-ene",alpha-pinene,1
,maple-liquorice aroma,6660,6660,112.13,CC1=C(C(=O)CC1)O,2-hydroxy-3-methylcyclopent-2-en-1-one,80-71-7,1
,citrusy,6818,6818,334.4,CCCCC(CC)COC(=O)C1=CC=CC=C1C(=O)OCCCC,"1-O-butyl 2-O-(2-ethylhexyl) benzene-1,2-dicarboxylate",butyl 2-ethylhexyl phthalate,1
,sweet,6826,6826,165.19,CNC1=CC=CC=C1C(=O)OC,methyl 2-(methylamino)benzoate,methyl 2-(methylamino)benzoate,1
,minty??,6985,6985,148.2,CC1=CC(=C(C=C1)C(=O)C)C,"1-(2,4-dimethylphenyl)ethanone","2',4'-dimethylacetophenone",1
,mint,6986,6986,154.25,CC1CCC(C(=O)C1)C(C)C,5-methyl-2-propan-2-ylcyclohexan-1-one,10458-14-7,1
,mint,6987,6987,152.23,CC1=CC(=O)C(CC1)C(C)C,3-methyl-6-propan-2-ylcyclohex-2-en-1-one,piperitone,1
,grass,6988,6988,152.23,CC1CCC(=C(C)C)C(=O)C1,5-methyl-2-propan-2-ylidenecyclohexan-1-one,pulegone,1
,spicy,6989,6989,150.22,CC1=CC(=C(C=C1)C(C)C)O,5-methyl-2-propan-2-ylphenol,thymol,1
,Bitter aroma,7017,7017,170.21,C1=CC=C(C=C1)C2=CC=CC=C2O,2-phenylphenol,2-phenylphenol,1
,woody,7041,7041,154.16,COC1=C(C(=CC=C1)OC)O,"2,6-dimethoxyphenol","2,6-dimethoxyphenol",1
,balsamic,7047,7047,129.16,C1=CC=C2C(=C1)C=CC=N2,quinoline,quinoline,1
,rose aroma,7095,7095,154.21,C1=CC=C(C=C1)C2=CC=CC=C2,"1,1'-biphenyl",biphenyl,1
,orange blossom,7122,7122,170.21,CC(=O)C1=CC2=CC=CC=C2C=C1,1-naphthalen-2-ylethanone,2-acetylnaphthalene,1
,Flowery rose,7127,7127,178.23,COC1=C(C=C(C=C1)CC=C)OC,"1,2-dimethoxy-4-prop-2-enylbenzene",methyl eugenol,1
mild,Mild clove aroma??????,7136,7136,206.24,CC(=O)OC1=C(C=C(C=C1)CC=C)OC,(2-methoxy-4-prop-2-enylphenyl) acetate,eugenol acetate,1
,clove-like aroma,7137,7137,206.24,CC=CC1=CC(=C(C=C1)OC(=O)C)OC,(2-methoxy-4-prop-1-enylphenyl) acetate,isoeugenol acetate,1
,vanilla sweet,7144,7144,138.16,CC1=CC(=C(C=C1)O)OC,2-methoxy-4-methylphenol,2-methoxy-4-methylphenol,1
,vegetable,7146,7146,134.17,CC(C=O)C1=CC=CC=C1,2-phenylpropanal,2-phenylpropanal,1
,Tobacco,7151,7151,137.14,COC(=O)C1=CN=CC=C1,methyl pyridine-3-carboxylate,methyl nicotinate,1
,fermented fruit??????,7184,7184,194.23,CCCCOC(=O)C1=CC=C(C=C1)O,butyl 4-hydroxybenzoate,butyl 4-hydroxybenzoate,1
,camomile,7194,7194,226.27,C1=CC=C(C=C1)CCOC(=O)C2=CC=CC=C2,2-phenylethyl benzoate,phenethyl benzoate,1
,gasoline,7222,7222,135.19,C1=CC=C2C(=C1)N=CS2,"1,3-benzothiazole",benzothiazole,1
,fishy,7283,7283,87.16,CCC(C)CN,2-methylbutan-1-amine,2-methylbutylamine,1
,almond,7284,7284,86.13,CCC(C)C=O,2-methylbutanal,2-methylbutyraldehyde,1
,caramel,7302,7302,86.09,C1CC(=O)OC1,oxolan-2-one,gamma-butyrolactone,1
,minty aroma??????,7335,7335,194.27,CC1=CCC(CC1OC(=O)C)C(=C)C,(2-methyl-5-prop-1-en-2-ylcyclohex-2-en-1-yl) acetate,carvyl acetate,1
,minty aroma??????,7336,7336,208.3,CCC(=O)OC1CC(CC=C1C)C(=C)C,(2-methyl-5-prop-1-en-2-ylcyclohex-2-en-1-yl) propanoate,carvyl propionate,1
,fruity,7353,7353,144.21,CCCCOC(=O)C(C)C,butyl 2-methylpropanoate,butyl isobutyrate,1
,burnt,7361,7361,98.1,C1=COC(=C1)CO,furan-2-ylmethanol,furfuryl alcohol,1
,almond,7362,7362,96.08,C1=COC(=C1)C=O,furan-2-carbaldehyde,furfural,1
,,7410,7410,120.15,CC(=O)C1=CC=CC=C1,1-phenylethanone,acetophenone,0
,fruity aroma??,7413,7413,128.17,C1CCC(CC1)C(=O)O,cyclohexanecarboxylic acid,cyclohexanecarboxylic acid,1
,mint,7438,7438,152.23,CC1=CCC(CC1O)C(=C)C,2-methyl-5-prop-1-en-2-ylcyclohex-2-en-1-ol,carveol,1
,herbaceous aroma,7460,7460,136.23,CC1=CCC(C=C1)C(C)C,"2-methyl-5-propan-2-ylcyclohexa-1,3-diene",alpha-phellandrene,1
,pine,7461,7461,136.23,CC1=CCC(=CC1)C(C)C,"1-methyl-4-propan-2-ylcyclohexa-1,4-diene",gamma-terpinene,1
,pine,7462,7462,136.23,CC1=CC=C(CC1)C(C)C,"1-methyl-4-propan-2-ylcyclohexa-1,3-diene",alpha-terpinene,1
,citrus,7463,7463,134.22,CC1=CC=C(C=C1)C(C)C,1-methyl-4-propan-2-ylbenzene,p-cymene,1
,"vanillic, balsamic",7476,7476,150.17,CC(=O)C1=CC=C(C=C1)OC,1-(4-methoxyphenyl)ethanone,4'-methoxyacetophenone,1
,,7478,7478,152.15,COC1=CC=C(C=C1)C(=O)O,4-methoxybenzoic acid,4-methoxybenzoic acid,0
,fruity aroma,7509,7509,124.21,C1=CC=C(C=C1)CS,phenylmethanethiol,benzyl mercaptan,1
,herbaceous,7531,7531,150.22,CC(C)(CC1=CC=CC=C1)O,2-methyl-1-phenylpropan-2-ol,2-methyl-1-phenyl-2-propanol,1
,fruity-almond,7593,7593,210.27,C1=CC=C(C=C1)CC(=O)CC2=CC=CC=C2,"1,3-diphenylpropan-2-one","1,3-diphenylacetone",1
,balsamic-rosy,7599,7599,256.3,COC1=CC=C(C=C1)COC(=O)CC2=CC=CC=C2,(4-methoxyphenyl)methyl 2-phenylacetate,4-methoxybenzyl phenylacetate,1
,rose,7601,7601,240.3,C1=CC=C(C=C1)CCOC(=O)CC2=CC=CC=C2,2-phenylethyl 2-phenylacetate,phenethyl phenylacetate,1
,rose sweetness aroma??,7632,7632,164.24,CC(C)(CCC1=CC=CC=C1)O,2-methyl-4-phenylbutan-2-ol,2-methyl-4-phenyl-2-butanol,1
,rosy-fruity,7643,7643,164.2,COC(=O)CCC1=CC=CC=C1,methyl 3-phenylpropanoate,methyl 3-phenylpropionate,1
,fruity-floral,7646,7646,178.23,CC(C)C(=O)OCC1=CC=CC=C1,benzyl 2-methylpropanoate,benzyl isobutyrate,1
,fruity-floral,7650,7650,178.23,CCCC(=O)OCC1=CC=CC=C1,benzyl butanoate,benzyl butyrate,1
,Apple,7651,7651,192.25,CC(C)CC(=O)OCC1=CC=CC=C1,benzyl 3-methylbutanoate,benzyl isovalerate,1
,fruity-rosy,7655,7655,192.25,CC(C)C(=O)OCCC1=CC=CC=C1,2-phenylethyl 2-methylpropanoate,phenethyl isobutyrate,1
,,7657,7657,198.26,C1=CC=C(C=C1)COCC2=CC=CC=C2,phenylmethoxymethylbenzene,dibenzyl ether,0
,fruity,7658,7658,192.25,CCCC(=O)OCCC1=CC=CC=C1,2-phenylethyl butanoate,phenethyl butyrate,1
,fruity-floral,7661,7661,190.24,CCC(=O)OCC=CC1=CC=CC=C1,3-phenylprop-2-enyl propanoate,3-phenylprop-2-en-1-yl propanoate,1
,fruity,7685,7685,178.23,CC1=CC=C(C=C1)OC(=O)C(C)C,(4-methylphenyl) 2-methylpropanoate,p-tolyl isobutyrate,1
,balsamic,7695,7695,180.2,CC(=O)OCC1=CC=C(C=C1)OC,(4-methoxyphenyl)methyl acetate,4-methoxybenzyl acetate,1
,herbaceous,7702,7702,150.22,CCCC1=CC=C(C=C1)OC,1-methoxy-4-propylbenzene,4-propylanisole,1
,floral,7707,7707,134.17,C1=CC=C(C=C1)CCC=O,3-phenylpropanal,3-phenylpropanal,1
,floral-fruity,7708,7708,136.15,C1=CC=C(C=C1)COC=O,benzyl formate,benzyl formate,1
,coconut,7710,7710,156.22,CCCCCC1CCC(=O)O1,5-pentyloxolan-2-one,104-61-0,1
,"herbaceous,rose",7711,7711,150.17,C1=CC=C(C=C1)CCOC=O,2-phenylethyl formate,2-phenylethyl formate,1
,fruity,7714,7714,184.27,CCCCCCCC1CCC(=O)O1,5-heptyloxolan-2-one,gamma-undecalactone,1
,sweet aroma,7731,7731,122.16,CC1=CC=C(C=C1)OC,1-methoxy-4-methylbenzene,4-methylanisole,1
,sweet floral,7738,7738,138.16,COC1=CC=C(C=C1)CO,(4-methoxyphenyl)methanol,4-methoxybenzyl alcohol,1
,fruity,7761,7761,160.17,CCOC(=O)CC(=O)OCC,diethyl propanedioate,diethyl malonate,1
,fruity,7765,7765,118.17,CCOC(C)OCC,"1,1-diethoxyethane",acetal,1
,spicy aroma,7768,7768,113.16,C1CCC(=O)NCC1,azepan-2-one,azepan-2-one,1
,floral,7778,7778,184.27,CC(CCC=C(C)C)CCOC=O,"3,7-dimethyloct-6-enyl formate",citronellyl formate,1
,Floral,7780,7780,196.29,CC(=CCCC(=CCOC(=O)C)C)C,"3,7-dimethylocta-2,6-dienyl acetate","3,7-dimethylocta-2,6-dienyl acetate",1
,rose-like,7792,7792,158.28,CC(C)CCCC(C)CCO,"3,7-dimethyloctan-1-ol","3,7-dimethyloctan-1-ol",1
,lemon,7794,7794,154.25,CC(CCC=C(C)C)CC=O,"3,7-dimethyloct-6-enal",citronellal,1
,,7852,7852,59.11,CCCN,propan-1-amine,propylamine,0
, sweet floral lily,7888,7888,172.26,CC(CCCC(C)(C)O)CC=O,"7-hydroxy-3,7-dimethyloctanal",hydroxycitronellal,1
,baked potato,7937,7937,107.15,CC1=NC(=CC=C1)C,"2,6-dimethylpyridine","2,6-dimethylpyridine",1
,coffee,7938,7938,108.14,CC1=CN=CC(=N1)C,"2,6-dimethylpyrazine","2,6-dimethylpyrazine",1
,menthol-like,7958,7958,142.24,CC(C)CC(=O)CC(C)C,"2,6-dimethylheptan-4-one","2,6-dimethyl-4-heptanone",1
,coffee,7963,7963,93.13,CC1=CC=NC=C1,4-methylpyridine,4-methylpyridine,1
,mint,7967,7967,98.14,C1CCC(=O)CC1,cyclohexanone,cyclohexanone,1
,fruity,7981,7981,158.24,CCCCOC(=O)CC(C)C,butyl 3-methylbutanoate,butyl isovalerate,1
,floral aroma??????,7983,7983,144.21,CCCCOC(=O)CCC,butyl butanoate,butyl butyrate,1
,fruity,7986,7986,314.5,CCCCOC(=O)CCCCCCCCC(=O)OCCCC,dibutyl decanedioate,dibutyl sebacate,1
,acid,7991,7991,102.13,CCCCC(=O)O,pentanoic acid,valeric acid,1
,Fishy ammonia aroma,8007,8007,73.14,CCCCN,butan-1-amine,butylamine,1
,fruity,8012,8012,90.19,CCCCS,butane-1-thiol,1-butanethiol,1
,garlic,8030,8030,84.14,C1=CSC=C1,thiophene,thiophene,1
,grape,8048,8048,200.32,CCCCCCCCCC(=O)OCC,ethyl decanoate,ethyl decanoate,1
,winey-fruity,8049,8049,258.35,CCOC(=O)CCCCCCCCC(=O)OCC,diethyl decanedioate,diethyl decanedioate,1
,grape,8050,8050,186.29,CCCCCCCCCC(=O)OC,methyl decanoate,methyl decanoate,1
,spice,8051,8051,114.19,CCCCCC(=O)C,heptan-2-one,2-heptanone,1
,,8060,8060,87.16,CCCCCN,pentan-1-amine,amylamine,0
,Meaty aroma??????,8067,8067,104.22,CCCCCS,pentane-1-thiol,1-pentanethiol,1
,cabbage,8077,8077,122.3,CCSSCC,(ethyldisulfanyl)ethane,diethyl disulfide,1
,apple,8093,8093,128.21,CCCCCCC(=O)C,octan-2-one,2-octanone,1
,sour,8094,8094,130.18,CCCCCCC(=O)O,heptanoic acid,heptanoic acid,1
,Fishy aroma,8102,8102,101.19,CCCCCCN,hexan-1-amine,hexylamine,1
,petroleum-like aroma??,8125,8125,112.21,CCCCCCC=C,oct-1-ene,1-octene,1
,grass,8129,8129,116.2,CCCCCCCO,heptan-1-ol,1-heptanol,1
,citrus,8130,8130,114.19,CCCCCCC=O,heptanal,heptanal,1
,Flower,8139,8139,214.34,CCCCCCCCCCCC(=O)OC,methyl dodecanoate,methyl laurate,1
,orange-rose odour,8167,8167,200.32,CCCCCCCCCCOC(=O)C,decyl acetate,decyl acetate,1
,fruity,8174,8174,158.28,CCCCCCCCCCO,decan-1-ol,1-decanol,1
,orange,8175,8175,156.26,CCCCCCCCCC=O,decanal,decanal,1
,Fatty aroma,8180,8180,186.29,CCCCCCCCCCC(=O)O,undecanoic acid,undecanoic acid,1
,waxy,8181,8181,270.5,CCCCCCCCCCCCCCCC(=O)OC,methyl hexadecanoate,methyl palmitate,1
,oil,8186,8186,170.29,CCCCCCCCCCC=O,undecanal,undecanal,1
,citrus-rose aroma,8205,8205,228.37,CCCCCCCCCCCCOC(=O)C,dodecyl acetate,dodecyl acetate,1
,sweet,8283,8283,220.35,CC(=CCCC1(C2CC3C1(C3C2)C)C)CO,"5-(2,3-dimethyl-3-tricyclo[2.2.1.02,6]heptanyl)-2-methylpent-2-en-1-ol",115-71-9,1
,fruity,8294,8294,196.29,CC(=CCCC(C)(C=C)OC(=O)C)C,"3,7-dimethylocta-1,6-dien-3-yl acetate",linalyl acetate,1
,sweet-caramellic,8299,8299,74.08,CC(=O)CO,1-hydroxypropan-2-one,hydroxyacetone,1
,grass,8314,8314,102.13,CCC(C)C(=O)O,2-methylbutanoic acid,2-methylbutanoic acid,1
,Flower,8363,8363,228.24,C1=CC=C(C=C1)COC(=O)C2=CC=CC=C2O,benzyl 2-hydroxybenzoate,benzyl salicylate,1
,balsamic,8400,8400,212.24,C1=CC=C(C=C1)C(C(=O)C2=CC=CC=C2)O,"2-hydroxy-1,2-diphenylethanone",benzoin,1
,herbaceous,8405,8405,129.16,C1=CC=C2C=NC=CC2=C1,isoquinoline,isoquinoline,1
,minty aroma??,8452,8452,84.12,C1CCC(=O)C1,cyclopentanone,cyclopentanone,1
,vanilla,8467,8467,166.17,CCOC1=C(C=CC(=C1)C=O)O,3-ethoxy-4-hydroxybenzaldehyde,3-ethoxy-4-hydroxybenzaldehyde,1
,vanilla,8468,8468,168.15,COC1=C(C=CC(=C1)C(=O)O)O,4-hydroxy-3-methoxybenzoic acid,vanillic acid,1
,fruity,8500,8500,134.17,CC1=CC=C(C=C1)C(=O)C,1-(4-methylphenyl)ethanone,4'-methylacetophenone,1
,orange,8635,8635,151.16,COC(=O)C1=CC=CC=C1N,methyl 2-aminobenzoate,methyl anthranilate,1
,fruity,8697,8697,144.21,CCCCC(CC)C(=O)O,2-ethylhexanoic acid,2-ethylhexanoic acid,1
,buttery,8738,8738,146.18,CCCCOC(=O)C(C)O,butyl 2-hydroxypropanoate,butyl lactate,1
,sweet,8748,8748,154.25,CC(=C)C1CCC(CC1)(C)O,1-methyl-4-prop-1-en-2-ylcyclohexan-1-ol,beta-terpineol,1
,rose-like aroma??????,8767,8767,274.4,CC(CCC=C(C)C)CCOC(=O)CC1=CC=CC=C1,"3,7-dimethyloct-6-enyl 2-phenylacetate",citronellyl phenylacetate,1
,floral (Jasmine),8785,8785,150.17,CC(=O)OCC1=CC=CC=C1,benzyl acetate,benzyl acetate,1
,fruity-rosy,8792,8792,206.28,CC(C)CC(=O)OCCC1=CC=CC=C1,2-phenylethyl 3-methylbutanoate,140-26-1,1
,floral,8797,8797,150.17,CC1=CC=C(C=C1)OC(=O)C,(4-methylphenyl) acetate,p-tolyl acetate,1
,fruity aroma,8821,8821,100.12,CCOC(=O)C=C,ethyl prop-2-enoate,ethyl acrylate,1
,Bland aroma??,8831,8831,258.35,CC(C)COC(=O)CCCCC(=O)OCC(C)C,bis(2-methylpropyl) hexanedioate,diisobutyl adipate,1
,fruity-rosy,8834,8834,212.33,CCC(=O)OCCC(C)CCC=C(C)C,"3,7-dimethyloct-6-enyl propanoate",citronellyl propionate,1
,rose,8835,8835,226.35,CCCC(=O)OCCC(C)CCC=C(C)C,"3,7-dimethyloct-6-enyl butanoate",citronellyl butyrate,1
,rose,8842,8842,156.26,CC(CCC=C(C)C)CCO,"3,7-dimethyloct-6-en-1-ol",citronellol,1
,floral odour reminiscent of jasmine??????,8863,8863,218.33,CC(CCCC(C)(C)O)CC(OC)OC,"8,8-dimethoxy-2,6-dimethyloctan-2-ol","8,8-dimethoxy-2,6-dimethyloctan-2-ol",1
,sweet,8892,8892,116.16,CCCCCC(=O)O,hexanoic acid,hexanoic acid,1
,fruity,8908,8908,144.21,CCCCCCOC(=O)C,hexyl acetate,hexyl acetate,1
,rose-citrus,8914,8914,144.25,CCCCCCCCCO,nonan-1-ol,1-nonanol,1
,caramellic,9012,9012,246.4,C1=CC=C(C=C1)CSSCC2=CC=CC=C2,(benzyldisulfanyl)methylbenzene,dibenzyl disulfide,1
,fruity,9017,9017,198.3,CC(CCC=C(C)C)CCOC(=O)C,"3,7-dimethyloct-6-enyl acetate",citronellyl acetate,1
,fruity aroma,9024,9024,192.25,CC(=O)OC(C)(C)CC1=CC=CC=C1,(2-methyl-1-phenylpropan-2-yl) acetate,dimethylbenzylcarbinyl acetate,1
,nut-like aroma??,9025,9025,138.16,COC1=CC(=CC=C1)OC,"1,3-dimethoxybenzene","1,3-dimethoxybenzene",1
,corn-like,9261,9261,80.09,C1=CN=CC=N1,pyrazine,pyrazine,1
,popcorn,9589,9589,121.14,CC(=O)C1=CN=CC=C1,1-pyridin-3-ylethanone,3-acetylpyridine,1
,grass,9862,9862,126.2,CC(=CCCC(=O)C)C,6-methylhept-5-en-2-one,6-methyl-5-hepten-2-one,1
,camphoraceous,9895,9895,152.23,CC1=C(C(CCC1)(C)C)C=O,"2,6,6-trimethylcyclohexene-1-carbaldehyde",beta-cyclocitral,1
,camphor,10106,10106,154.25,CC(C)C12CCC(O1)(CC2)C,1-methyl-4-propan-2-yl-7-oxabicyclo[2.2.1]heptane,"1,4-cineole",1
,Spice with floral,10248,10248,208.25,COC1=CC(=CC(=C1OC)OC)CC=C,"1,2,3-trimethoxy-5-prop-2-enylbenzene",elemicin,1
,ethereal aroma??,10336,10336,84.12,CC=C(C)C=O,2-methylbut-2-enal,2-methyl-but-2-enal,1
,spicy,10364,10364,150.22,CC1=C(C=C(C=C1)C(C)C)O,2-methyl-5-propan-2-ylphenol,carvacrol,1
,whisky aroma??????,10402,10402,170.25,CC(CCC=C(C)C)CC(=O)O,"3,7-dimethyloct-6-enoic acid",citronellic acid,1
,rancid,10430,10430,102.13,CC(C)CC(=O)O,3-methylbutanoic acid,isovaleric acid,1
,,10452,10452,120.2,C1CSCCS1,"1,4-dithiane","1,4-dithiane",0
,fruity,10460,10460,98.14,CCCC=CC=O,hex-2-enal,hexenal,1
,camphoraceous aroma??,10492,10492,154.25,C[C@@]12CC[C@H](C1(C)C)C[C@@H]2O,"(1R,2S,4S)-1,7,7-trimethylbicyclo[2.2.1]heptan-2-ol",borneol,1
,sweet,10586,10586,222.37,CC1=CCC(CC1)C(C)(CCC=C(C)C)O,6-methyl-2-(4-methylcyclohex-3-en-1-yl)hept-5-en-2-ol,alpha-bisabolol,1
,oil aroma,10657,10657,204.35,CC1=CC[C@@H]2[C@@H](C1)[C@@H](CC=C2C)C(C)C,"(1S,4aR,8aS)-4,7-dimethyl-1-propan-2-yl-1,2,4a,5,8,8a-hexahydronaphthalene",beta-cadinene,1
,,10659,10659,222.24,COC1=C2C(=C(C(=C1)CC=C)OC)OCO2,"4,7-dimethoxy-5-prop-2-enyl-1,3-benzodioxole",apiole,0
,,10795,10795,90.12,CC(OC)OC,"1,1-dimethoxyethane","1,1-dimethoxyethane",0
,camphoraceous,10817,10817,136.19,CC1=CC=C(C=C1)C(C)O,1-(4-methylphenyl)ethanol,1-(4-methylphenyl)ethanol,1
,minty aroma??,10819,10819,152.23,CC(=C)C1CCC(=CC1)CO,(4-prop-1-en-2-ylcyclohexen-1-yl)methanol,perillyl alcohol,1
,fruity,10873,10873,136.19,CCOCC1=CC=CC=C1,ethoxymethylbenzene,(ethoxymethyl)benzene,1
,fruity,10886,10886,186.29,CCCCCC(=O)OCCCCC,pentyl hexanoate,pentyl hexanoate,1
,nutty,10927,10927,87.12,CCCC(=O)N,butanamide,butyramide,1
,dairy aroma,10931,10931,100.12,CC(=CC(=O)O)C,3-methylbut-2-enoic acid,"3,3-dimethylacrylic acid",1
,Musky aroma,10954,10954,250.4,C1CCCC=CCCCCCCCC(=O)CCC1,cycloheptadec-9-en-1-one,cycloheptadec-9-en-1-one,1
,grass,10976,10976,116.2,CCCCCC(C)O,heptan-2-ol,2-heptanol,1
,camphor aroma ,11038,11038,152.23,CC1C2CC(C2(C)C)CC1=O,"2,6,6-trimethylbicyclo[3.1.1]heptan-3-one",3-pinanone,1
,"spicy, fruity",11086,11086,135.16,CC(=O)C1=CC=CC=C1N,1-(2-aminophenyl)ethanone,2'-aminoacetophenone,1
,terpentine,11142,11142,136.23,CC(C)C1CCC(=C)C=C1,3-methylidene-6-propan-2-ylcyclohexene,beta-phellandrene,1
,lavender aroma??????,11173,11173,86.13,CC(=CCO)C,3-methylbut-2-en-1-ol,3-methyl-2-buten-1-ol,1
,must,11230,11230,154.25,CC1=CCC(CC1)(C(C)C)O,4-methyl-1-propan-2-ylcyclohex-3-en-1-ol,4-carvomenthenol,1
,coconut aroma,11340,11340,134.17,CC1=CC=CC=C1C(=O)C,1-(2-methylphenyl)ethanone,2'-methylacetophenone,1
,pungent,11363,11363,148.16,CC(=O)C(=O)C1=CC=CC=C1,"1-phenylpropane-1,2-dione","1-phenyl-1,2-propanedione",1
,sweet,11463,11463,136.23,CC1=CCC(=C(C)C)CC1,1-methyl-4-propan-2-ylidenecyclohexene,terpinolene,1
,grass,11513,11513,116.2,CCCC(CCC)O,heptan-4-ol,4-heptanol,1
,herbaceous,11520,11520,116.2,CCCCC(CC)O,heptan-3-ol,heptan-3-ol,1
,sweet,11529,11529,130.18,CCCCOC(=O)CC,butyl propanoate,butyl propionate,1
,almond,11552,11552,86.13,CC(C)CC=O,3-methylbutanal,3-methylbutanal,1
,tobacco,11559,11559,98.1,CC1=CCC(=O)O1,5-methyl-3H-furan-2-one,alpha-angelica lactone,1
,fermented fruit??????,11576,11576,158.19,CCCCOC(=O)CC(=O)C,butyl 3-oxobutanoate,butyl acetoacetate,1
,lemon,11605,11605,80.13,C1CC=CC=C1,"cyclohexa-1,3-diene","1,3-cyclohexadiene",1
,fruity,11613,11613,115.2,CCCCN=C=S,1-isothiocyanatobutane,butyl isothiocyanate,1
,balsamic,11716,11716,72.11,CC(C=C)O,but-3-en-2-ol,3-buten-2-ol,1
,almond,11952,11952,135.16,C1=CC=C(C=C1)C(=O)CN,2-amino-1-phenylethanone,2-aminoacetophenone,1
,spearmint-like,12072,12072,154.25,CC1CCC(CC1O)C(=C)C,2-methyl-5-prop-1-en-2-ylcyclohexan-1-ol,dihydrocarveol,1
,caramellic,12097,12097,110.11,CC1=CC=C(O1)C=O,5-methylfuran-2-carbaldehyde,5-methylfurfural,1
,,12146,12146,142.2,CC(=O)OC1CCCCC1,cyclohexyl acetate,cyclohexyl acetate,0
,fruity aroma,12177,12177,98.14,CCC=C(C)C=O,2-methylpent-2-enal,2-methylpent-2-enal,1
,fruity acetic aroma??????,12198,12198,160.17,CC(COC(=O)C)OC(=O)C,2-acetyloxypropyl acetate,propylene glycol diacetate,1
,onion-like aroma,12232,12232,94.2,CSSC,(methyldisulfanyl)methane,dimethyl disulfide,1
,floral aroma??????,12294,12294,172.26,CCCCCC(=O)OCCCC,butyl hexanoate,butyl hexanoate,1
,grass,12297,12297,102.17,CCCCC(C)O,hexan-2-ol,2-hexanol,1
,sweet,12323,12323,116.2,CC(C)CCC(C)O,5-methylhexan-2-ol,5-methyl-2-hexanol,1
faint,Faint alcoholic aroma??????,12329,12329,174.19,COC(=O)CCCCC(=O)OC,dimethyl hexanedioate,dimethyl adipate,1
,Bread,12506,12506,144.17,CC(=O)OCC1CCCO1,oxolan-2-ylmethyl acetate,tetrahydrofurfuryl acetate,1
,herbaceous,12578,12578,162.23,CC(C)C1=CC=C(C=C1)C(=O)C,1-(4-propan-2-ylphenyl)ethanone,4'-isopropylacetophenone,1
,apple,12613,12613,172.26,CC(C)CCOC(=O)CC(C)C,3-methylbutyl 3-methylbutanoate,isoamyl isovalerate,1
,,12779,12779,170.3,CSSCC1=CC=CC=C1,(methyldisulfanyl)methylbenzene,benzyl methyl disulfide,0
,butter,12810,12810,170.25,CCCCCC1CCCC(=O)O1,6-pentyloxan-2-one,delta-decalactone,1
,peach,12813,12813,170.25,CCCCCCC1CCC(=O)O1,5-hexyloxolan-2-one,gamma-decalactone,1
,,13006,13006,112.13,C1CCC(=O)C(=O)C1,"cyclohexane-1,2-dione","1,2-cyclohexanedione",0
,,13016,13016,138.23,CSCC1=CC=CC=C1,methylsulfanylmethylbenzene,benzyl methyl sulfide,0
,pungent,13367,13367,74.15,C=CCS,prop-2-ene-1-thiol,allyl mercaptan,1
,,13594,13594,96.13,C1CC=CC(=O)C1,cyclohex-2-en-1-one,2-cyclohexen-1-one,0
,garlic aroma??,13852,13852,102.16,C1CC(=O)SC1,thiolan-2-one,4-butyrothiolactone,1
,licorice-like aroma,14079,14079,109.13,CC(=O)C1=CC=CN1,1-(1H-pyrrol-2-yl)ethanone,2-acetylpyrrole,1
,grassy,14243,14243,112.17,CCCC=CC(=O)C,hept-3-en-2-one,heptenone,1
,popcorn,14286,14286,121.14,CC(=O)C1=CC=CC=N1,1-pyridin-2-ylethanone,2-acetylpyridine,1
,sweet,14350,14350,220.35,CC1(CC2C1CCC3(C(O3)CCC2=C)C)C,"4,12,12-trimethyl-9-methylidene-5-oxatricyclo[8.2.0.04,6]dodecane",caryophyllene epoxide,1
,Coffee-like aroma??,14505,14505,110.11,CC(=O)C1=CC=CO1,1-(furan-2-yl)ethanone,2-acetylfuran,1
,nutty aroma??,14514,14514,124.14,CC1=CC=C(O1)C(=O)C,1-(5-methylfuran-2-yl)ethanone,2-acetyl-5-methylfuran,1
,caraway,14529,14529,150.22,CC1=CC=C(C=C1)C(C)(C)O,2-(4-methylphenyl)propan-2-ol,2-(4-methylphenyl)propan-2-ol,1
,resinous piney aroma,14896,14896,136.23,CC1(C2CCC(=C)C1C2)C,"6,6-dimethyl-2-methylidenebicyclo[3.1.1]heptane",beta-pinene,1
,herbaceous aroma??,15068,15068,150.17,CC1=CC(=C(C=C1)O)C(=O)C,1-(2-hydroxy-5-methylphenyl)ethanone,1450-72-2,1
,nutty aroma??????,15146,15146,118.13,CC(CC(=O)OC)O,methyl 3-hydroxybutanoate,methyl 3-hydroxybutyrate,1
,camphor,15406,15406,154.25,CC1(C2CCC(C2)(C1O)C)C,"1,3,3-trimethylbicyclo[2.2.1]heptan-2-ol",fenchol,1
,blueberry,15475,15475,126.2,CCCCC=CC(=O)C,oct-3-en-2-one,oct-3-en-2-one,1
,banana,15574,15574,142.2,CCC=CCCOC(=O)C,hex-3-enyl acetate,hex-3-enyl acetate,1
,sweet,15600,15600,142.28,CCCCCCCCCC,decane,decane,1
,honey,15717,15717,176.21,C=CCOC(=O)CC1=CC=CC=C1,prop-2-enyl 2-phenylacetate,allyl phenylacetate,1
,peach/apricot,15834,15834,188.22,C=CCOC(=O)C=CC1=CC=CC=C1,prop-2-enyl 3-phenylprop-2-enoate,prop-2-enyl 3-phenylprop-2-enoate,1
,pungent,16315,16315,178.3,C=CCSSSCC=C,3-(prop-2-enyltrisulfanyl)prop-1-ene,diallyl trisulfide,1
,peach/apricot,16324,16324,128.17,CCCC(=O)OCC=C,prop-2-enyl butanoate,allyl butyrate,1
,fruity,16330,16330,194.23,CCCCOC(=O)C1=CC=CC=C1O,butyl 2-hydroxybenzoate,butyl salicylate,1
,fruity,16331,16331,172.22,CCCCOC(=O)CCC(=O)C,butyl 4-oxopentanoate,butyl levulinate,1
,minty,16441,16441,150.22,CC(=C)C1CCC(=CC1)C=O,4-prop-1-en-2-ylcyclohexene-1-carbaldehyde,perillaldehyde,1
,garlic,16591,16591,148.3,CCCSSCC=C,1-(prop-2-enyldisulfanyl)propane,allyl propyl disulfide,1
,Mint,16666,16666,156.26,C[C@@H]1CC[C@H]([C@@H](C1)O)C(C)C,"(1R,2S,5R)-5-methyl-2-propan-2-ylcyclohexan-1-ol",l-menthol,1
,minty aroma??,16724,16724,150.22,CC1=CC[C@@H](CC1=O)C(=C)C,(5S)-2-methyl-5-prop-1-en-2-ylcyclohex-2-en-1-one,d-carvone,1
,,16800,16800,149.23,CCCCCC1=CC=CC=N1,2-pentylpyridine,2-pentylpyridine,0
,rose,16864,16864,224.34,CC(C)C(=O)OCC=C(C)CCC=C(C)C,"3,7-dimethylocta-2,6-dienyl 2-methylpropanoate","propanoic acid, 2-methyl-, (2e)-3,7-dimethyl-2,6-octadienyl ester",1
,seaweed,16899,16899,152.23,CCCCCC=CC=CC=O,"deca-2,4-dienal",decadienal,1
,tobacco,17000,17000,140.22,CC1CCCC(C1=O)(C)C,"2,2,6-trimethylcyclohexan-1-one","2,2,6-trimethylcyclohexanone",1
,mint,17100,17100,154.25,CC1=CCC(CC1)C(C)(C)O,2-(4-methylcyclohex-3-en-1-yl)propan-2-ol,alpha-terpineol,1
,almond,17167,17167,112.17,CCCCC=CC=O,hept-2-enal,2-hepten-1-al,1
,fruity aroma,17243,17243,142.2,CCCC=CCOC(=O)C,hex-2-enyl acetate,hex-2-enyl acetate,1
,fruity,17525,17525,172.26,CCCCCCOC(=O)CCC,hexyl butanoate,hexyl butyrate,1
,Fruity grape aroma??,17623,17623,193.2,CC(=O)NC1=CC=CC=C1C(=O)OC,methyl 2-acetamidobenzoate,methyl 2-acetamidobenzoate,1
,floral balsamic,17739,17739,166.22,CCCC1=CC(=C(C=C1)O)OC,2-methoxy-4-propylphenol,2-methoxy-4-propylphenol,1
,Wintergreen-like aroma??,18522,18522,100.12,CC1C(=O)CCO1,2-methyloxolan-3-one,2-methyltetrahydrofuran-3-one,1
,honey-floral,18744,18744,226.27,C1=CC=C(C=C1)CC(C2=CC=CC=C2)C(=O)O,"2,3-diphenylpropanoic acid","2,3-diphenylpropanoic acid",1
,pepper,18818,18818,136.23,CC(C)C12CCC(=C)C1C2,4-methylidene-1-propan-2-ylbicyclo[3.1.0]hexane,sabinene,1
,mushroom,18827,18827,128.21,CCCCCC(C=C)O,oct-1-en-3-ol,1-octen-3-ol,1
,minty aroma,19244,19244,156.26,C[C@@H]1CC[C@@H]([C@@H](C1)O)C(C)C,"(1R,2R,5R)-5-methyl-2-propan-2-ylcyclohexan-1-ol",neoisomenthol,1
,pineapple aroma,19309,19309,128.13,CC1C(=O)C(=C(O1)C)O,"4-hydroxy-2,5-dimethylfuran-3-one",furaneol,1
,butter,19602,19602,138.21,CCCCCC1=CC=CO1,2-pentylfuran,2-pentylfuran,1
,sweet-rosey aroma??????,19633,19633,194.31,CC(=CCCC(=CCCC(=O)C)C)C,"6,10-dimethylundeca-5,9-dien-2-one","6,10-dimethylundeca-5,9-dien-2-one",1
,orange,19801,19801,154.25,CCCCCCCC=CC=O,dec-2-enal,2-decenal,1
,oily,20083,20083,130.23,CCCCCCC(C)O,octan-2-ol,octan-2-ol,1
,pineapple,20219,20219,184.27,CCCCCCCC(=O)OCC=C,prop-2-enyl octanoate,allyl octanoate,1
,floral aroma,20354,20354,164.2,CCCC(=O)OC1=CC=CC=C1,phenyl butanoate,phenyl butyrate,1
,cherry,20358,20358,128.17,C1CCC(CC1)OC=O,cyclohexyl formate,cyclohexyl formate,1
,spicy,20487,20487,154.21,C1CCC2C(C1)CCC(=O)O2,"3,4,4a,5,6,7,8,8a-octahydrochromen-2-one",octahydro-2h-chromen-2-one,1
,Spicy aroma??,20534,20534,124.18,CCCCC1=CC=CO1,2-butylfuran,2-butylfuran,1
,grass,20745,20745,128.21,CC(CCC=C(C)C)O,6-methylhept-5-en-2-ol,6-methylhept-5-en-2-ol,1
,minty aroma??,21003,21003,152.23,C1CCC(C1)C2CCCC2=O,2-cyclopentylcyclopentan-1-one,2-cyclopentylcyclopentanone,1
,butter,21057,21057,114.19,CCCCC(C=C)O,hept-1-en-3-ol,1-hepten-3-ol,1
,Fruity aroma??????,21265,21265,190.24,CC(=CCOC(=O)C1=CC=CC=C1)C,3-methylbut-2-enyl benzoate,prenyl benzoate,1
,fruity,21596,21596,186.29,CCCCCCC(=O)OCCCC,butyl heptanoate,butyl heptanoate,1
,potato-like,22201,22201,108.14,CC1=NC=CN=C1C,"2,3-dimethylpyrazine","2,3-dimethylpyrazine",1
,Floral,22310,22310,170.25,CC1(CCC(O1)C(C)(C)O)C=C,2-(5-ethenyl-5-methyloxolan-2-yl)propan-2-ol,60047-17-8,1
,lemon,22386,22386,88.15,CCCC(C)O,pentan-2-ol,2-pentanol,1
,peach,22873,22873,200.32,CCCCCCOC(=O)CCCCC,hexyl hexanoate,hexyl hexanoate,1
,jasmine aroma??????,23367,23367,206.28,CCCCCC(=O)OCC1=CC=CC=C1,benzyl hexanoate,benzyl hexanoate,1
,Sweet oniony aroma,23368,23368,230.3,CC(C)OC(=O)CCCCC(=O)OC(C)C,dipropan-2-yl hexanedioate,diisopropyl adipate,1
,Gardenia,23535,23535,273.37,CC(=CCCC(C)(C=C)OC(=O)C1=CC=CC=C1N)C,"3,7-dimethylocta-1,6-dien-3-yl 2-aminobenzoate",linalyl anthranilate,1
,floral aroma??????,24114,24114,216.27,CCCCOC(=O)C(C)OC(=O)CCC,(1-butoxy-1-oxopropan-2-yl) butanoate,butyl butyryllactate,1
,pineapple,24117,24117,192.21,C=CCOC(=O)COC1=CC=CC=C1,prop-2-enyl 2-phenoxyacetate,allyl phenoxyacetate,1
,winey-fruity,24197,24197,190.19,CCOC(=O)CC(C(=O)OCC)O,diethyl 2-hydroxybutanedioate,diethyl malate,1
,floral aroma??????,24433,24433,193.24,CCCCOC(=O)C1=CC=CC=C1N,butyl 2-aminobenzoate,butyl anthranilate,1
,mint,24473,24473,152.23,CC1CCC(CC1=O)C(=C)C,2-methyl-5-prop-1-en-2-ylcyclohexan-1-one,dihydrocarvone,1
,orangeblossom,24510,24510,219.28,C1CCC(CC1)OC(=O)C2=CC=CC=C2N,cyclohexyl 2-aminobenzoate,cyclohexyl anthranilate,1
,citrus-floral,24513,24513,202.33,CCCCCCCCCC(OC)OC,"1,1-dimethoxydecane","1,1-dimethoxydecane",1
,camphor,24585,24585,154.25,CC1CCC(C(C1)O)C(=C)C,5-methyl-2-prop-1-en-2-ylcyclohexan-1-ol,isopulegol,1
,fruity aroma,24915,24915,220.31,CCCC(=O)OC(C)(C)CC1=CC=CC=C1,(2-methyl-1-phenylpropan-2-yl) butanoate,10094-34-5,1
,Sweet,25125,25125,149.23,CN(C)CCC1=CC=CC=C1,"N,N-dimethyl-2-phenylethanamine","n,n-dimethylphenethylamine",1
,fruity,25612,25612,156.26,C=CCCCCCCCCO,dec-9-en-1-ol,9-decen-1-ol,1
,grass,25915,25915,122.17,CCC1=NC=C(N=C1)C,2-ethyl-5-methylpyrazine,2-ethyl-5-methylpyrazine,1
,balsamic,25916,25916,136.19,CCC1=NC(=CN=C1C)C,"3-ethyl-2,5-dimethylpyrazine","3-ethyl-2,5-dimethylpyrazine",1
,fruity aroma??,26049,26049,136.23,CC1=CCC2C(C1)C2(C)C,"3,7,7-trimethylbicyclo[4.1.0]hept-3-ene",3-carene,1
, buttery,26204,26204,128.17,CC(C)CC(=O)C(=O)C,"5-methylhexane-2,3-dione","5-methylhexane-2,3-dione",1
,potato-like,26332,26332,122.17,CCC1=NC(=CN=C1)C,2-ethyl-6-methylpyrazine,2-ethyl-6-methylpyrazine,1
,mint,26447,26447,154.25,C[C@@H]1CC[C@H](C(=O)C1)C(C)C,"(2S,5R)-5-methyl-2-propan-2-ylcyclohexan-1-one",(-)-menthone,1
,fruity,26630,26630,140.22,CCCCCC=CC(=O)C,non-3-en-2-one,nonenone,1
,baked potato,26808,26808,122.17,CC1=CN=C(C(=N1)C)C,"2,3,5-trimethylpyrazine","2,3,5-trimethylpyrazine",1
,sweet,27208,27208,222.37,CC1=CCC(CC1)(C(C)CCC=C(C)C)O,4-methyl-1-(6-methylhept-5-en-2-yl)cyclohex-3-en-1-ol,beta-bisabolol,1
,coumarin-like aroma??,27209,27209,180.24,CC1(CCCC2(C1=CC(=O)O2)C)C,"4,4,7a-trimethyl-6,7-dihydro-5H-1-benzofuran-2-one",15356-74-8,1
,potato-like,27457,27457,122.17,CCC1=NC=CN=C1C,2-ethyl-3-methylpyrazine,2-ethyl-3-methylpyrazine,1
,baked potato,27458,27458,136.19,CCC1=NC=CN=C1CC,"2,3-diethylpyrazine","2,3-diethylpyrazine",1
,rose,27866,27866,154.25,CC1CCOC(C1)C=C(C)C,4-methyl-2-(2-methylprop-1-enyl)oxane,16409-43-1,1
,mint,27867,27867,198.3,CC1CCC(C(C1)OC(=O)C)C(C)C,(5-methyl-2-propan-2-ylcyclohexyl) acetate,menthyl acetate,1
,nutty,28905,28905,150.22,CCC1=NC=C(N=C1CC)C,"2,3-diethyl-5-methylpyrazine","2,3-diethyl-5-methylpyrazine",1
,vegetable,28906,28906,150.22,CCC1=CN=C(C(=N1)CC)C,"3,5-diethyl-2-methylpyrazine","3,5-diethyl-2-methylpyrazine",1
,mint,29025,29025,150.22,CC1=CC(=O)C2CC1C2(C)C,"4,6,6-trimethylbicyclo[3.1.1]hept-3-en-2-one",verbenone,1
,lavender,30247,30247,196.29,CC(=CCC(COC(=O)C)C(=C)C)C,(5-methyl-2-prop-1-en-2-ylhex-4-enyl) acetate,25905-14-0,1
,sweet-fruity,30771,30771,170.25,CC(=O)OCCC1CCCCC1,2-cyclohexylethyl acetate,2-cyclohexylethyl acetate,1
,popcorn,30914,30914,122.12,CC(=O)C1=NC=CN=C1,1-pyrazin-2-ylethanone,acetylpyrazine,1
,grassy,31209,31209,202.29,CCCCCC(=CC1=CC=CC=C1)C=O,2-benzylideneheptanal,122-40-7,1
,"honey, rose",31210,31210,192.25,CCCCOC(=O)CC1=CC=CC=C1,butyl 2-phenylacetate,butyl phenylacetate,1
,floral aroma,31219,31219,164.2,CCC(=O)OCC1=CC=CC=C1,benzyl propanoate,benzyl propionate,1
,"balsamic, floral",31224,31224,264.3,C1=CC=C(C=C1)C=CCOC(=O)C=CC2=CC=CC=C2,3-phenylprop-2-enyl 3-phenylprop-2-enoate,122-69-0,1
,,31231,31231,164.2,CC(=O)CC1=CC=C(C=C1)OC,1-(4-methoxyphenyl)propan-2-one,4-methoxyphenylacetone,0
,mint,31244,31244,136.15,COC1=CC=C(C=C1)C=O,4-methoxybenzaldehyde,4-methoxybenzaldehyde,1
,fruity,31249,31249,174.19,CCOC(=O)CCC(=O)OCC,diethyl butanedioate,diethyl succinate,1
,potato-like,31252,31252,108.14,CC1=CN=C(C=N1)C,"2,5-dimethylpyrazine","2,5-dimethylpyrazine",1
,balsamic,31253,31253,136.23,CC(=CCCC(=C)C=C)C,"7-methyl-3-methylideneocta-1,6-diene",myrcene,1
,apple,31265,31265,144.21,CCCCCC(=O)OCC,ethyl hexanoate,ethyl caproate,1
,,31268,31268,71.12,C1CCNC1,pyrrolidine,pyrrolidine,0
slightly,Slight fatty aroma??,31271,31271,370.6,CCCCCCCCOC(=O)CCCCC(=O)OCCCCCCCC,dioctyl hexanedioate,dioctyl adipate,1
,fruity,31272,31272,116.16,CCCCOC(=O)C,butyl acetate,butyl acetate,1
,fruity,31278,31278,340.6,CCCCCCCCCCCCCCCCCC(=O)OCCCC,butyl octadecanoate,butyl stearate,1
,fruity,31289,31289,142.24,CCCCCCCCC=O,nonanal,nonanal,1
,Gardenia,31353,31353,258.35,CC(=CCCC(C)(C=C)OC(=O)C1=CC=CC=C1)C,"3,7-dimethylocta-1,6-dien-3-yl benzoate",linalyl benzoate,1
,baked potato,32093,32093,136.15,CC1=NC=CN=C1C(=O)C,1-(3-methylpyrazin-2-yl)ethanone,2-acetyl-3-methylpyrazine,1
,bread-like aroma??,33032,33032,147.13,C(CC(=O)O)[C@@H](C(=O)O)N,(2S)-2-aminopentanedioic acid,l-glutamic acid,1
,grass,33166,33166,152.19,CC(C)C1=NC=CN=C1OC,2-methoxy-3-propan-2-ylpyrazine,2-isopropyl-3-methoxypyrazine,1
,grassy,33637,33637,122.16,CC1=CC=CC=C1OC,1-methoxy-2-methylbenzene,2-methylanisole,1
,mint,34645,34645,152.23,CC1CCC(C(=O)C1)C(=C)C,5-methyl-2-prop-1-en-2-ylcyclohexan-1-one,isopulegone,1
,Disagreeable rancid,34752,34752,128.17,CCCC=CCC(=O)O,hept-3-enoic acid,pentenyl acetic acid,1
,Cheese,36822,36822,134.18,C1CCC2=NC=CN=C2C1,"5,6,7,8-tetrahydroquinoxaline","5,6,7,8-tetrahydroquinoxaline",1
,Flower,39801,39801,198.3,CC(=O)OCCCCCCCCC=C,dec-9-enyl acetate,9-decenyl acetate,1
,fruity,40923,40923,128.21,CCCC(CCC=C)O,oct-7-en-4-ol,7-octen-4-ol,1
,rosy-fruity,60985,60985,226.35,CC(C)C(=O)OCCC(C)CCC=C(C)C,"3,7-dimethyloct-6-enyl 2-methylpropanoate",citronellyl isobutyrate,1
faint,faint lily,60997,60997,226.27,CC1=CC=C(C=C1)OC(=O)CC2=CC=CC=C2,(4-methylphenyl) 2-phenylacetate,p-tolyl phenylacetate,1
,floral aroma,60999,60999,226.27,C1=CC=C(C=C1)CC(=O)OCC2=CC=CC=C2,benzyl 2-phenylacetate,benzyl phenylacetate,1
,vanilla,61007,61007,178.23,CC(=O)CCC1=CC=C(C=C1)OC,4-(4-methoxyphenyl)butan-2-one,4-(4-methoxyphenyl)-2-butanone,1
,musk-like,61014,61014,270.36,C1CCCCCC(=O)OCCOC(=O)CCCCC1,"1,4-dioxacycloheptadecane-5,17-dione",ethylene brassylate,1
,fruity,61015,61015,256.42,CCCCCCCCCCCC(=O)OCCCC,butyl dodecanoate,butyl laurate,1
,melon-like,61016,61016,140.22,CC(CCC=C(C)C)C=O,"2,6-dimethylhept-5-enal","2,6-dimethyl-5-heptenal",1
,bergamot-like aroma,61040,61040,182.26,CC(=CCCC(C)(C=C)OC=O)C,"3,7-dimethylocta-1,6-dien-3-yl formate",linalyl formate,1
,tobacco-herbaceous,61041,61041,150.22,CC1=C(C(CC=C1)(C)C)C=O,"2,6,6-trimethylcyclohexa-1,3-diene-1-carbaldehyde",safranal,1
,herbaceous,61054,61054,166.17,COC1=CC=C(C=C1)COC=O,(4-methoxyphenyl)methyl formate,4-methoxybenzyl formate,1
,camphoraceous,61060,61060,154.25,C[C@@]12CC[C@H](C1(C)C)C[C@H]2O,"(1R,2R,4S)-1,7,7-trimethylbicyclo[2.2.1]heptan-2-ol",isoborneol,1
,,61072,61072,206.32,CCC(=O)C=CC1=C(CCCC1(C)C)C,"1-(2,6,6-trimethylcyclohexen-1-yl)pent-1-en-3-one",dtxsid6051643,0
,rosy-fruity aroma,61085,61085,226.35,CC(C)C(=O)OCCC(C)CCCC(=C)C,"3,7-dimethyloct-7-enyl 2-methylpropanoate",rhodinyl isobutyrate,1
,"fruity, floral",61091,61091,218.29,CC(C)CC(=O)OCC=CC1=CC=CC=C1,3-phenylprop-2-enyl 3-methylbutanoate,isovaleric acid cinnamyl ester,1
,,61097,61097,168.28,CC=CCCCCCCCC=O,undec-9-enal,undec-9-enal,0
,fruity,61098,61098,210.31,CCC(=O)OC(C)(CCC=C(C)C)C=C,"3,7-dimethylocta-1,6-dien-3-yl propanoate",linalyl propionate,1
,camphoraceous,61123,61123,154.25,C[C@]12CC[C@H](C1)C([C@@H]2O)(C)C,"(1S,2R,4R)-1,3,3-trimethylbicyclo[2.2.1]heptan-2-ol",(-)-beta-fenchyl alcohol,1
,balsamic,61126,61126,152.23,CC1=CC(C2CC1C2(C)C)O,"4,6,6-trimethylbicyclo[3.1.1]hept-3-en-2-ol",verbenol,1
,spicy-herbaceous,61130,61130,150.22,CC1(C2CC=C(C1C2)C=O)C,"6,6-dimethylbicyclo[3.1.1]hept-2-ene-2-carbaldehyde",myrtenal,1
,,61134,61134,164.24,CCCCOCC1=CC=CC=C1,butoxymethylbenzene,benzyl butyl ether,0
,apple-raspberry,61137,61137,158.24,CCCCC(=O)OCCCC,butyl pentanoate,butyl valerate,1
,floral,61151,61151,166.17,COC1=CC=CC=C1C(=O)OC,methyl 2-methoxybenzoate,methyl 2-methoxybenzoate,1
,woody,61155,61155,166.17,CC(=O)OC1=CC=CC=C1OC,(2-methoxyphenyl) acetate,2-methoxyphenyl acetate,1
,fruity,61185,61185,214.34,CCCCCCCC(=O)OCCCCC,pentyl octanoate,pentyl octanoate,1
,bitter-almond,61200,61200,136.15,CC1=CC(=C(C=C1)C=O)O,2-hydroxy-4-methylbenzaldehyde,2-hydroxy-4-methylbenzaldehyde,1
,floral aroma,61202,61202,164.24,CCCC(CC1=CC=CC=C1)O,1-phenylpentan-2-ol,1-phenyl-2-pentanol,1
,vanilla,61229,61229,194.18,CC(=O)OC1=C(C=C(C=C1)C=O)OC,(4-formyl-2-methoxyphenyl) acetate,vanillin acetate,1
,fruity,61235,61235,142.24,CCCCCCC(=O)CC,nonan-3-one,3-nonanone,1
,camphor,61283,61283,160.21,CC(=CC1=CC=CC=C1)C(=O)C,3-methyl-4-phenylbut-3-en-2-one,"3-buten-2-one, 3-methyl-4-phenyl-",1
,camphoraceous aroma??,61284,61284,154.25,CC1=CCC(C1(C)C)CCO,"2-(2,2,3-trimethylcyclopent-3-en-1-yl)ethanol",alpha-campholenol,1
,apple/apricot,61319,61319,114.14,CCC(=O)OCC=C,prop-2-enyl propanoate,allyl propionate,1
,fruity,61337,61337,152.15,C=CCOC(=O)C1=CC=CO1,prop-2-enyl furan-2-carboxylate,allyl 2-furoate,1
,mushroom,61346,61346,126.2,CCCCCC(=O)C=C,oct-1-en-3-one,1-octen-3-one,1
,woody,61359,61359,162.23,CC(C)C1=CC=C(C=C1)CC=O,2-(4-propan-2-ylphenyl)acetaldehyde,4395-92-0,1
,herbaceous,61361,61361,190.24,CCCCC1C2=CC=CC=C2C(=O)O1,3-butyl-3H-2-benzofuran-1-one,butylphthalide,1
,Banana,61375,61375,156.22,CCC(=O)OC1CCCCC1,cyclohexyl propanoate,cyclohexyl propionate,1
,banana,61384,61384,220.31,CCCCCC(=O)OCCC1=CC=CC=C1,2-phenylethyl hexanoate,2-phenylethyl hexanoate,1
,Fatty aroma,61386,61386,270.5,CCCCCCCCCCCC(=O)OCCC(C)C,3-methylbutyl dodecanoate,isoamyl laurate,1
penetrating,floral penetrating aroma,61400,61400,164.2,COC1=C(C=C(C=C1)C=C)OC,"4-ethenyl-1,2-dimethoxybenzene","3,4-dimethoxystyrene",1
,floral,61401,61401,198.3,CC(CCC=C(C)C)CCOCC=O,"2-(3,7-dimethyloct-6-enoxy)acetaldehyde",citronellyloxyacetaldehyde,1
,"herbaceous, fruity-spicy",61402,61402,204.26,CC(=C(C)C(=O)OCC1=CC=CC=C1)C,"benzyl 2,3-dimethylbut-2-enoate","benzyl 2,3-dimethylbut-2-enoate",1
,leafy aroma,61403,61403,208.3,CCCOC(C)OCCC1=CC=CC=C1,2-(1-propoxyethoxy)ethylbenzene,(2-(1-propoxyethoxy)ethyl)benzene,1
,fruity,61408,61408,156.22,CCC(CC)C(=O)OCC=C,prop-2-enyl 2-ethylbutanoate,allyl 2-ethylbutyrate,1
,pineapple,61410,61410,198.3,CCCCCCCCC(=O)OCC=C,prop-2-enyl nonanoate,allyl nonanoate,1
,honey,61416,61416,240.38,CCCCC(=O)OCCC(C)CCC=C(C)C,"3,7-dimethyloct-6-enyl pentanoate",citronellyl valerate,1
,camphoraceous aroma??????,61418,61418,238.37,CCCCC(=O)O[C@@H]1CC2CCC1(C2(C)C)C,"[(2R)-1,7,7-trimethyl-2-bicyclo[2.2.1]heptanyl] pentanoate","endo-1,7,7-trimethylbicyclo[2.2.1]hept-2-yl valerate",1
,floral aroma,61464,61464,178.23,CC(C)(CC1=CC=CC=C1)OC=O,(2-methyl-1-phenylpropan-2-yl) formate,dmbc formate,1
,nutty aroma,61527,61527,138.16,CC1=CC(=C(O1)C)C(=O)C,"1-(2,5-dimethylfuran-3-yl)ethanone","3-acetyl-2,5-dimethylfuran",1
,fruity,61743,61743,170.25,C=CCCCCCCCC(=O)O,dec-9-enoic acid,9-decenoic acid,1
,camphoraceous,61771,61771,154.25,CCC(C)C1CCCCC1=O,2-butan-2-ylcyclohexan-1-one,2-sec-butylcyclohexanone,1
,minty,61780,61780,194.27,CC(=C)C1CCC(=CC1)COC(=O)C,(4-prop-1-en-2-ylcyclohexen-1-yl)methyl acetate,perillyl acetate,1
,Almond,61814,61814,134.17,CC1=CC(=C(C=C1)C=O)C,"2,4-dimethylbenzaldehyde","2,4-dimethylbenzaldehyde",1
,orange,61875,61875,154.25,CCCCCC=CCCC=O,dec-4-enal,"4-decenal, (4z)-",1
,potato,61918,61918,150.18,CCC1=NC=CN=C1C(=O)C,1-(3-ethylpyrazin-2-yl)ethanone,2-acetyl-3-ethylpyrazine,1
,fruity,61954,61954,178.23,CC1=CC=CC=C1OC(=O)C(C)C,(2-methylphenyl) 2-methylpropanoate,o-tolyl isobutyrate,1
,orange,61983,61983,170.32,CC(=CCCC(=CCS)C)C,"3,7-dimethylocta-2,6-diene-1-thiol","3,7-dimethylocta-2,6-dienylmercaptan",1
,"honey, floral, fruity",62017,62017,184.23,CC(=O)C1(CCCCC1)OC(=O)C,(1-acetylcyclohexyl) acetate,1-acetylcyclohexyl acetate,1
,herbaceous,62092,62092,192.25,CC1=CC=C(C=C1)OC(=O)CC(C)C,(4-methylphenyl) 3-methylbutanoate,55066-56-3,1
,herbal like,62105,62105,180.3,CC1(CSC(CS1)(C)O)O,"2,5-dimethyl-1,4-dithiane-2,5-diol","2,5-dimethyl-1,4-dithiane-2,5-diol",1
,Sweet oniony aroma,62183,62183,254.39,CC1=C(C=CO1)SC(C(C)C)C(=O)CC(C)C,"2,6-dimethyl-3-(2-methylfuran-3-yl)sulfanylheptan-4-one",61295-51-0,1
,winey,62333,62333,206.19,CCOC(=O)C(C(C(=O)OCC)O)O,"diethyl 2,3-dihydroxybutanedioate",diethyl tartrate,1
,vanilla,62348,62348,154.16,COC1=C(C=CC(=C1)CO)O,4-(hydroxymethyl)-2-methoxyphenol,vanillyl alcohol,1
,Balsamic,62362,62362,268.31,COC1=C(C=CC(=C1)CC=C)OC(=O)C2=CC=CC=C2,(2-methoxy-4-prop-2-enylphenyl) benzoate,eugenyl benzoate,1
,balsamic,62367,62367,154.25,CC(C)C12CCC(C1C2)(C)O,2-methyl-5-propan-2-ylbicyclo[3.1.0]hexan-2-ol,sabinene hydrate,1
,floral-almond odour,62375,62375,152.19,COC(C1=CC=CC=C1)OC,dimethoxymethylbenzene,benzaldehyde dimethyl acetal,1
,jasmine,62378,62378,166.26,CCCCCC1=C(CCC1=O)C,3-methyl-2-pentylcyclopent-2-en-1-one,dihydrojasmone,1
,sweet,62384,62384,116.16,CC1COC(O1)(C)C,"2,2,4-trimethyl-1,3-dioxolane","2,2,4-trimethyl-1,3-dioxolane",1
,citrus,62385,62385,132.2,CC1=CC=C(C=C1)C(=C)C,1-methyl-4-prop-1-en-2-ylbenzene,1195-32-0,1
,vanilla,62453,62453,120.15,C=CC1=CC=C(C=C1)O,4-ethenylphenol,4-vinylphenol,1
,,62484,62484,102.13,CCC(C(=O)C)O,3-hydroxypentan-2-one,3-hydroxy-2-pentanone,0
,,62510,62510,113.18,CC1=C(SC=N1)C,"4,5-dimethyl-1,3-thiazole","4,5-dimethylthiazole",0
,,62539,62539,114.14,CCC(=O)C(=O)CC,"hexane-3,4-dione","3,4-hexanedione",0
,Woody aroma,62566,62566,204.35,CC(C)[C@@H]1CC[C@@]2([C@H]1[C@@H]3[C@H]2CCC3=C)C,"(1S,2R,6S,7R,8S)-1-methyl-5-methylidene-8-propan-2-yltricyclo[5.3.0.02,6]decane",beta-bourbonene,1
,sweet,62661,62661,178.27,CC(C)CC(CC1=CC=CC=C1)O,4-methyl-1-phenylpentan-2-ol,4-methyl-1-phenyl-2-pentanol,1
,mouldy aroma??,62842,62842,152.23,CC(=CCCC(C)(C#C)O)C,"3,7-dimethyloct-6-en-1-yn-3-ol","3,7-dimethyloct-6-en-1-yn-3-ol",1
,leafy aroma,62876,62876,222.32,CCCCOC(C)OCCC1=CC=CC=C1,2-(1-butoxyethoxy)ethylbenzene,(2-(1-butoxyethoxy)ethyl)benzene,1
,nutty,62897,62897,120.15,CC(=C)C1=NC=CN=C1,2-prop-1-en-2-ylpyrazine,isopropenylpyrazine,1
,carmellic,62913,62913,128.21,CCC1CCC(O1)CC,"2,5-diethyloxolane","2,5-diethyltetrahydrofuran",1
,must,64685,64685,154.25,CC1(C2CCC1(C(C2)O)C)C,"1,7,7-trimethylbicyclo[2.2.1]heptan-2-ol",borneol,1
,carmellic buttery aroma??????,66600,66600,168.19,CCC(=O)OC1=C(CCC1=O)C,(2-methyl-5-oxocyclopenten-1-yl) propanoate,87-55-8,1
,floral,67179,67179,154.25,CC(=CCC[C@@](C)(C=C)O)C,"(3S)-3,7-dimethylocta-1,6-dien-3-ol",126-90-9,1
,mint,68140,68140,136.23,CC(=C)C1CCC(=C)CC1,1-methylidene-4-prop-1-en-2-ylcyclohexane,499-97-8,1
,,68148,68148,134.17,C=CCC1=CC=C(C=C1)O,4-prop-2-enylphenol,4-allylphenol,0
,,68284,68284,163.2,C1=CC=C(C=C1)C(=O)N=C=S,benzoyl isothiocyanate,benzoyl isothiocyanate,0
,grass,68346,68346,152.23,CC(=CC(=O)C(C)(C)C=C)C,"3,3,6-trimethylhepta-1,5-dien-4-one",artemisia ketone,1
,Spicy mint-like aroma??,68481,68481,150.17,CC(=O)C1=CC=CC=C1OC,1-(2-methoxyphenyl)ethanone,2'-methoxyacetophenone,1
,fruity aroma??????,68482,68482,241.24,C1=CC=C(C=C1)C(=O)NC2=CC=CC=C2C(=O)O,2-benzamidobenzoic acid,2-(benzoylamino)benzoic acid,1
,nutty aroma??,69320,69320,121.18,CCCC1=CC=CC=N1,2-propylpyridine,2-propylpyridine,1
,creamy peach,69346,69346,186.25,CCCCCC(=O)CCCC(=O)O,5-oxodecanoic acid,5-oxodecanoic acid,1
,almond,70133,70133,150.17,CC1=C(C=CC(=C1)O)C(=O)C,1-(4-hydroxy-2-methylphenyl)ethanone,875-59-2,1
,cheese,70744,70744,142.2,CC1(CCCCC1)C(=O)O,1-methylcyclohexane-1-carboxylic acid,1-methylcyclohexanecarboxylic acid,1
,sweet floral,71544,71544,250.38,CC(C)COC(CC1=CC=CC=C1)OCC(C)C,"2,2-bis(2-methylpropoxy)ethylbenzene",68345-22-2,1
,Bitter aroma,72300,72300,266.3,C=CCC1=CC(=C(C=C1)O)C2=C(C=CC(=C2)CC=C)O,2-(2-hydroxy-5-prop-2-enylphenyl)-4-prop-2-enylphenol,magnolol,1
,balsamic,72607,72607,222.37,C[C@@H]1CC[C@@H](CC2=C1CC[C@H]2C)C(C)(C)O,"2-[(3R,5S,8R)-3,8-dimethyl-1,2,3,4,5,6,7,8-octahydroazulen-5-yl]propan-2-ol","2-[(3r,5s,8r)-3,8-dimethyl-1,2,3,4,5,6,7,8-octahydroazulen-5-yl]propan-2-ol",1
,peanut butter,72662,72662,138.12,COC(=O)C1=NC=CN=C1,methyl pyrazine-2-carboxylate,methyl pyrazine-2-carboxylate,1
,herbaceous,73114,73114,308.5,C[C@]12CCCC(C1CC[C@@]([C@@H]2CC[C@](C)(C=C)O)(C)O)(C)C,"(1R,2R,8aS)-1-[(3R)-3-hydroxy-3-methylpent-4-enyl]-2,5,5,8a-tetramethyl-3,4,4a,6,7,8-hexahydro-1H-naphthalen-2-ol",c20h36o2,1
,,73174,73174,230.3,C=C1CC[C@@H]2[C@@H]([C@@H]3[C@H]1CCC3=C)OC(=O)C2=C,"(3aS,6aR,9aR,9bS)-3,6,9-trimethylidene-3a,4,5,6a,7,8,9a,9b-octahydroazuleno[4,5-b]furan-2-one",dehydrocostus lactone,0
,herbaceous,74008,74008,182.22,CCCCCOC(=O)C1=CC=CO1,pentyl furan-2-carboxylate,amyl 2-furoate,1
,fruity aroma,74096,74096,128.17,CC(=O)OCCCC=C,pent-4-enyl acetate,4-pentenyl acetate,1
,tobacco,74279,74279,172.26,CCOC1(CCCCC1)OCC,"1,1-diethoxycyclohexane","1,1-diethoxycyclohexane",1
,Sweet oniony aroma??,74915,74915,206.4,CC(C)CCSSCCC(C)C,3-methyl-1-(3-methylbutyldisulfanyl)butane,diisoamyl disulfide,1
,mint,75699,75699,198.3,C[C@@H]1CC[C@H]([C@H](C1)OC(=O)C)C(C)C,"[(1S,2S,5R)-5-methyl-2-propan-2-ylcyclohexyl] acetate",neomenthyl acetate,1
,burnt sugar,77652,77652,246.4,CC1=CC=CC=C1SSC2=CC=CC=C2C,1-methyl-2-[(2-methylphenyl)disulfanyl]benzene,o-tolyl disulfide,1
,pungent,77743,77743,105.2,CSCCCN,3-methylsulfanylpropan-1-amine,3-(methylthio)propylamine,1
,Fruity,77756,77756,194.23,CCCC(=O)OC1=CC=CC=C1OC,(2-methoxyphenyl) butanoate,guaiacol butyrate,1
,nutty aroma??,77837,77837,113.18,CC1=CN=C(S1)C,"2,5-dimethyl-1,3-thiazole","2,5-dimethylthiazole",1
,Sweet oniony aroma,77932,77932,150.3,CC(C)SSC(C)C,2-(propan-2-yldisulfanyl)propane,diisopropyl disulfide,1
,grass,78120,78120,143.25,CCCCCCN=C=S,1-isothiocyanatohexane,hexyl isothiocyanate,1
,minty,79023,79023,168.23,CC1=C(C(=O)C(CC1)C(C)C)O,2-hydroxy-3-methyl-6-propan-2-ylcyclohex-2-en-1-one,diosphenol,1
,mint,79036,79036,150.22,CC1=CC(=O)C(CC1)C(=C)C,3-methyl-6-prop-1-en-2-ylcyclohex-2-en-1-one,isopiperitenone,1
,onion aroma??????,79089,79089,112.19,CC1=CSC=C1C,"3,4-dimethylthiophene","3,4-dimethylthiophene",1
,Sweet oniony aroma,80046,80046,182.4,CC(C)SSSC(C)C,2-(propan-2-yltrisulfanyl)propane,diisopropyl trisulfide,1
,carrot,80790,80790,164.24,CC1=C(C=C(C=C1)C(C)C)OC,2-methoxy-1-methyl-4-propan-2-ylbenzene,carvacrol methyl ether,1
,floral aroma,80960,80960,248.36,CCCCCCCCC(=O)OCC1=CC=CC=C1,benzyl nonanoate,benzyl nonanoate,1
,herbaceous aroma??,81221,81221,136.19,CC1=CC(=C(C=C1)OC)C,"1-methoxy-2,4-dimethylbenzene","2,4-dimethylanisole",1
,rose-like aroma??,81263,81263,156.26,C[C@@H](CCCC(=C)C)CCO,"(3S)-3,7-dimethyloct-7-en-1-ol",rhodinol,1
,fruity aroma,81359,81359,206.24,CC(=O)CCC(=O)OCC1=CC=CC=C1,benzyl 4-oxopentanoate,benzyl levulinate,1
,sweet,83655,83655,140.2,CC1=CC=C(S1)C(=O)C,1-(5-methylthiophen-2-yl)ethanone,2-acetyl-5-methylthiophene,1
,grassy aroma??,83763,83763,156.26,CC(C)C1CCC(CC1)CO,(4-propan-2-ylcyclohexyl)methanol,4-(1-methylethyl)cyclohexanemethanol,1
,citrus-like aroma??????,84559,84559,230.39,CCCCCCCCCCCC(OC)OC,"1,1-dimethoxydodecane","1,1-dimethoxydodecane",1
,Fruity,86753,86753,154.25,CC1=CCC(CC1)C(C)CO,2-(4-methylcyclohex-3-en-1-yl)propan-1-ol,p-menth-1-en-9-ol,1
,Fatty rosy aroma??,87630,87630,156.26,CCCCCCCC=CCO,dec-2-en-1-ol,2-decenol,1
,fat,87632,87632,154.25,CCCCCC=CC=CCO,"deca-2,4-dien-1-ol","deca-2,4-dien-1-ol",1
,herbaceous,89307,89307,200.32,CCCCCC(CC)OC(=O)CCC,octan-3-yl butanoate,3-octyl butyrate,1
,spice,90785,90785,222.37,CC1CCC2=C(CCC(CC12)C(C)(C)O)C,"2-(3,8-dimethyl-1,2,3,3a,4,5,6,7-octahydroazulen-5-yl)propan-2-ol",bulnesol,1
,fruity,91354,91354,204.35,CC1CCC2C1C3C(C3(C)C)CCC2=C,"1,1,7-trimethyl-4-methylidene-2,3,4a,5,6,7,7a,7b-octahydro-1aH-cyclopropa[e]azulene",aromadendrene,1
,sweet,91457,91457,222.37,C[C@]12CCCC(=C)[C@@H]1C[C@@H](CC2)C(C)(C)O,"2-[(2R,4aR,8aS)-4a-methyl-8-methylidene-1,2,3,4,5,6,7,8a-octahydronaphthalen-2-yl]propan-2-ol",beta-eudesmol,1
,herbaceous,92139,92139,202.33,CC1=CC=C(C=C1)C(C)CCC=C(C)C,1-methyl-4-(6-methylhept-5-en-2-yl)benzene,alpha-curcumene,1
,apple,92573,92573,184.27,CCCCC(=O)OCCC=CCC,hex-3-enyl pentanoate,cis-3-hexenylvalerate,1
,minty??,92649,92649,228.35,CC1CCC(C(=O)C1)C(C)(C)SC(=O)C,S-[2-(4-methyl-2-oxocyclohexyl)propan-2-yl] ethanethioate,8-acetylthiomenthan-3-one,1
,sweet,92762,92762,222.37,CC1=CCC[C@]2([C@H]1C[C@@H](CC2)C(C)(C)O)C,"2-[(2R,4aR,8aR)-4a,8-dimethyl-2,3,4,5,6,8a-hexahydro-1H-naphthalen-2-yl]propan-2-ol",alpha-eudesmol,1
,minty aroma,92770,92770,166.22,CC1CCC2C1C(=O)OC=C2C,"4,7-dimethyl-5,6,7,7a-tetrahydro-4aH-cyclopenta[c]pyran-1-one",nepetalactone,1
,"Fruit, spice",92776,92776,204.35,CC1=CC[C@@H](C=C1)[C@@H](C)CCC=C(C)C,"(5R)-2-methyl-5-[(2S)-6-methylhept-5-en-2-yl]cyclohexa-1,3-diene",zingiberene,1
,minty herbaceous??,92780,92780,138.21,CC(C)C1CCC(=O)C=C1,4-propan-2-ylcyclohex-2-en-1-one,4-isopropyl-2-cyclohexenone,1
,camphoraceous,92793,92793,154.25,CC1CCC(=C(C)C)C(C1)O,5-methyl-2-propan-2-ylidenecyclohexan-1-ol,pulegol,1
,fruity aroma??????,93732,93732,170.25,CCCCCC=CCCC(=O)O,dec-4-enoic acid,26303-90-2,1
,lavander,94060,94060,154.25,CC(=CCC(CO)C(=C)C)C,5-methyl-2-prop-1-en-2-ylhex-4-en-1-ol,58461-27-1,1
,sulphureous aroma??????,94314,94314,178.4,CCC(C)SSC(C)CC,2-(butan-2-yldisulfanyl)butane,sec-butyl disulfide,1
,sweet fruity,94579,94579,196.29,C[C@@H]1CC[C@H]([C@@H](C1)OC(=O)C)C(=C)C,"[(1R,2S,5R)-5-methyl-2-prop-1-en-2-ylcyclohexyl] acetate",isopulegyl acetate,1
,Vanilla,95086,95086,302.28,COC1=CC(=CC(=C1O)C2=C(C(=CC(=C2)C=O)OC)O)C=O,3-(5-formyl-2-hydroxy-3-methoxyphenyl)-4-hydroxy-5-methoxybenzaldehyde,dehydrodivanillin,1
,fruity,95337,95337,242.44,CCCCCCCCC(CCCCCC)CO,2-hexyldecan-1-ol,2-hexyl-1-decanol,1
,Fruity wine-like aroma,95466,95466,186.25,CCCCC(C(=O)C)C(=O)OCC,ethyl 2-acetylhexanoate,ethyl 2-acetylhexanoate,1
,camphoraceous aroma??????,97897,97897,224.34,CCCC(=O)OC1CC2CCC1(C2(C)C)C,"(1,7,7-trimethyl-2-bicyclo[2.2.1]heptanyl) butanoate",bornyl butyrate,1
,camphoraceous aroma??????,98497,98497,152.23,CC1=CCC(C1(C)C)CC=O,"2-(2,2,3-trimethylcyclopent-3-en-1-yl)acetaldehyde",91819-58-8,1
,herbaceous,101115,101115,156.22,CC1(CCCC(C1=O)(C)O)C,"2-hydroxy-2,6,6-trimethylcyclohexan-1-one","2,6,6-trimethyl-2-hydroxycyclohexanone",1
,balsamic,102667,102667,152.23,CC1(C2CC1C(=C)C(C2)O)C,"6,6-dimethyl-2-methylidenebicyclo[3.1.1]heptan-3-ol",pinocarveol,1
,,102861,102861,226.31,CCCCCC1C(CCC1=O)CC(=O)OC,methyl 2-(3-oxo-2-pentylcyclopentyl)acetate,methyl dihydrojasmonate,0
,fruity,102993,102993,102.13,CC1COC(O1)C,"2,4-dimethyl-1,3-dioxolane","2,4-dimethyl-1,3-dioxolane",1
,vegetative aroma??,104513,104513,169.29,CC1=C(SC(=N1)CC(C)C)C,"4,5-dimethyl-2-(2-methylpropyl)-1,3-thiazole","2-isobutyl-4,5-dimethylthiazole",1
,Roasted burnt aroma??,104620,104620,139.19,CCCC1=NC(=C(O1)C)C,"4,5-dimethyl-2-propyl-1,3-oxazole","4,5-dimethyl-2-propyloxazole",1
,fruity aroma??????,109467,109467,275.4,CC(CCC=C(C)C)CCOC(=O)C1=CC=CC=C1N,"3,7-dimethyloct-6-enyl 2-aminobenzoate",citronellyl anthranilate,1
,Fruity nutty aroma,109828,109828,182.22,CCCC(=O)OC1=C(CCC1=O)C,(2-methyl-5-oxocyclopenten-1-yl) butanoate,68227-51-0,1
,Onion aroma,110747,110747,156.26,CC(C)CCCC(C)CC=O,"3,7-dimethyloctanal","3,7-dimethyloctanal",1
,camphoraceous aroma??????,110801,110801,238.37,CCCCC(=O)OC1CC2CCC1(C2(C)C)C,"(1,7,7-trimethyl-2-bicyclo[2.2.1]heptanyl) pentanoate",bornyl valerate,1
,sweet,111037,111037,196.29,CC1=CCC(CC1)C(C)(C)OC(=O)C,2-(4-methylcyclohex-3-en-1-yl)propan-2-yl acetate,terpinyl acetate,1
,fruity aroma??,118225,118225,230.3,CCCC(CCCC(=O)OCC)OC(=O)C,ethyl 5-acetyloxyoctanoate,ethyl 5-acetoxyoctanoate,1
,fruity aroma,121731,121731,94.15,CC1=CC=CCC1,"1-methylcyclohexa-1,3-diene","1-methyl-1,3-cyclohexadiene",1
,clove-carnation aroma??????,123233,123233,180.24,CCCC1=CC(=C(C=C1)OC)OC,"1,2-dimethoxy-4-propylbenzene","1,2-dimethoxy-4-propylbenzene",1
weak,Weak savoury aroma,123935,123935,217.22,C[C@@H](C(=O)N[C@@H](CCC(=O)N)C(=O)O)N,(2S)-5-amino-2-[[(2S)-2-aminopropanoyl]amino]-5-oxopentanoic acid,l-alanyl-l-glutamine,1
,spicy aroma??????,125468,125468,100.12,C/C=C(\C)/C(=O)O,(E)-2-methylbut-2-enoic acid,tiglic acid,1
,,135215,135215,236.35,CC1CCC=C(C12CCC(C2)C(C)(C)O)C=O,3-(2-hydroxypropan-2-yl)-6-methylspiro[4.5]dec-9-ene-10-carbaldehyde,86408-21-1,0
,buttery aroma,138508,138508,142.2,CCCC(=O)C(=O)CCC,"octane-4,5-dione","4,5-octanedione",1
,fruity,142266,142266,192.21,CC(=O)CC(=O)OCC1=CC=CC=C1,benzyl 3-oxobutanoate,benzyl acetoacetate,1
,camphoraceous aroma??,159055,159055,152.23,C[C@@]12CC[C@@H](C1(C)C)CC2=O,"(1R,4R)-1,7,7-trimethylbicyclo[2.2.1]heptan-2-one",d-camphor,1
,Minty tea aroma??,161475,161475,73.11,[CH2]CCCO,,4-hydroxybutylradical,1
,balsamic,164888,164888,152.23,CC1=C[C@H]([C@@H]2C[C@H]1C2(C)C)O,"(1R,2R,5R)-4,6,6-trimethylbicyclo[3.1.1]hept-3-en-2-ol",cis-verbenol,1
,grassy aroma,169110,169110,129.18,CC(=O)C1=NCCS1,"1-(4,5-dihydro-1,3-thiazol-2-yl)ethanone",2-acetyl-2-thiazoline,1
,mouldy aroma??????,170977,170977,156.26,CCCCCCCC(C=C)O,dec-1-en-3-ol,1-decen-3-ol,1
,pungent herbaceous odour,181575,181575,124.18,CCC=CC=CC(=O)C,"octa-3,5-dien-2-one","octa-3,5-dien-2-one",1
,citrusy aroma,181747,181747,150.22,CCC=CCC=CC=CC=O,"deca-2,4,7-trienal","deca-2,4,7-trienal",1
,spicy,219672,219672,176.25,CC(C)CC(=O)CC1=CC=CC=C1,4-methyl-1-phenylpentan-2-one,4-methyl-1-phenylpentan-2-one,1
,onion,220010,220010,90.12,C[C@H]([C@H](C)O)O,"(2R,3S)-butane-2,3-diol","meso-2,3-butanediol",1
,meaty,226486,226486,194.23,COC1=CC(=CC(=C1O)OC)CC=C,"2,6-dimethoxy-4-prop-2-enylphenol","4-allyl-2,6-dimethoxyphenol",1
,balsamic,227829,227829,222.37,C[C@H]1CC[C@H](CC2=C1CC[C@@H]2C)C(C)(C)O,"2-[(3S,5R,8S)-3,8-dimethyl-1,2,3,4,5,6,7,8-octahydroazulen-5-yl]propan-2-ol",guaiol,1
,Balsamic,228588,228588,138.16,CCCC(=O)C1=CC=CO1,1-(furan-2-yl)butan-1-one,1-(furan-2-yl)butan-1-one,1
,fatty,229385,229385,214.34,CCCCCCCCCCOC(=O)CC,decyl propanoate,decyl propionate,1
,rose,229888,229888,248.36,CCCCCCCC(=O)OCCC1=CC=CC=C1,2-phenylethyl octanoate,phenethyl octanoate,1
,camphoraceous aroma??,230920,230920,154.25,C[C@]12CC[C@@H](C1(C)C)C[C@@H]2O,"(1S,2S,4R)-1,7,7-trimethylbicyclo[2.2.1]heptan-2-ol",isoborneol,1
,Sweet caramel aroma??????,231325,231325,152.19,CCCCC(=O)C1=CC=CO1,1-(furan-2-yl)pentan-1-one,2-pentanoylfuran,1
,caraway,232459,232459,162.23,CC(C)(CC=O)C1=CC=CC=C1,3-methyl-3-phenylbutanal,3-methyl-3-phenylbutanal,1
,plum-like,243675,243675,208.25,CCCC(=O)OCC1=CC=C(C=C1)OC,(4-methoxyphenyl)methyl butanoate,anisyl butyrate,1
,sweet,243783,243783,170.25,CCCC(=O)OC1CCCCC1,cyclohexyl butanoate,cyclohexyl butyrate,1
,fruity,246728,246728,128.21,CCCCCC(=O)CC,octan-3-one,3-octanone,1
,floral,248474,248474,150.17,CC1=CC=C(C=C1)CC(=O)O,2-(4-methylphenyl)acetic acid,p-tolylacetic acid,1
,camphoraceous aroma??????,249573,249573,238.37,CC(C)CC(=O)O[C@@H]1C[C@H]2CC[C@]1(C2(C)C)C,"[(1S,2R,4R)-1,7,7-trimethyl-2-bicyclo[2.2.1]heptanyl] 3-methylbutanoate",bornyval,1
,rose,250096,250096,190.24,C/C=C(\C)/C(=O)OCC1=CC=CC=C1,benzyl (E)-2-methylbut-2-enoate,benzyl tiglate,1
,nutty aroma??,263034,263034,178.18,C1=COC(=C1)COCC2=CC=CO2,2-(furan-2-ylmethoxymethyl)furan,difurfuryl ether,1
,Banana,287439,287439,184.27,CC(C)CC(=O)OC1CCCCC1,cyclohexyl 3-methylbutanoate,cyclohexyl isovalerate,1
,mint,329983,329983,150.22,CC1CCC2=C(C1)OC=C2C,"3,6-dimethyl-4,5,6,7-tetrahydro-1-benzofuran",menthofuran,1
,mint,380816,380816,166.22,CC1=C(CC(CC1=O)C(=C)C)O,3-hydroxy-2-methyl-5-prop-1-en-2-ylcyclohex-2-en-1-one,6-hydroxycarvone,1
,mint,439263,439263,156.26,C[C@@H]1CC[C@H]([C@H](C1)O)C(C)C,"(1S,2S,5R)-5-methyl-2-propan-2-ylcyclohexan-1-ol",(+)-neomenthol,1
,minty aroma??,439570,439570,150.22,CC1=CC[C@H](CC1=O)C(=C)C,(5R)-2-methyl-5-prop-1-en-2-ylcyclohex-2-en-1-one,(-)-carvone,1
,camphoraceous,439711,439711,154.25,C[C@]12CC[C@H](C1)C([C@H]2O)(C)C,"(1S,2S,4R)-1,3,3-trimethylbicyclo[2.2.1]heptan-2-ol",alpha-fenchol,1
,citrus,440917,440917,136.23,CC1=CC[C@@H](CC1)C(=C)C,(4R)-1-methyl-4-prop-1-en-2-ylcyclohexene,d-limonene,1
,rancid,441005,441005,204.35,CC1=C[C@H]2[C@@H](CCC(=C2CC1)C)C(C)C,"(1S,8aR)-4,7-dimethyl-1-propan-2-yl-1,2,3,5,6,8a-hexahydronaphthalene",(+)-delta-cadinene,1
,citrus,441245,441245,152.23,CC(=C)[C@@H]1CCC2(C(C1)O2)C,(4R)-1-methyl-4-prop-1-en-2-yl-7-oxabicyclo[4.1.0]heptane,"limonene-1,2-epoxide",1
,balsamic,443131,443131,196.29,CC(=O)O[C@H]1CC2CCC1(C2(C)C)C,"[(2S)-1,7,7-trimethyl-2-bicyclo[2.2.1]heptanyl] acetate","(1r,2s,4r)-(+)-bornyl acetate",1
,fruity,443156,443156,136.23,CC1=CC[C@@H]2[C@H](C1)C2(C)C,"(1S,6R)-3,7,7-trimethylbicyclo[4.1.0]hept-3-ene",(+)-3-carene,1
,mint,443167,443167,152.23,C[C@H]1CC[C@H](CC1=O)C(=C)C,"(2S,5R)-2-methyl-5-prop-1-en-2-ylcyclohexan-1-one",(+)-isodihydrocarvone,1
,mint,443178,443178,152.23,CC1=CC[C@@H](C[C@H]1O)C(=C)C,"(1R,5S)-2-methyl-5-prop-1-en-2-ylcyclohex-2-en-1-ol",(+)-trans-carveol,1
,mint,443181,443181,152.23,C[C@@H]1CC[C@@H](CC1=O)C(=C)C,"(2R,5S)-2-methyl-5-prop-1-en-2-ylcyclohexan-1-one",cis-dihydrocarvone,1
,honey floral,444539,444539,148.16,C1=CC=C(C=C1)/C=C/C(=O)O,(E)-3-phenylprop-2-enoic acid,cinnamic acid,1
,Flower,445070,445070,222.37,CC(=CCC/C(=C/CC/C(=C/CO)/C)/C)C,"(2E,6E)-3,7,11-trimethyldodeca-2,6,10-trien-1-ol",farnesol,1
,floral aroma??,517827,517827,190.28,CC(C)C1=CC=C(C=C1)CC(C)C=O,2-methyl-3-(4-propan-2-ylphenyl)propanal,103-95-7,1
,camphoraceous aroma??????,518472,518472,182.26,CC1(C2CCC1(C(C2)OC=O)C)C,"(1,7,7-trimethyl-2-bicyclo[2.2.1]heptanyl) formate",bornyl formate,1
,herbaceous,519539,519539,141.24,CCC(C)C1=NC=CS1,"2-butan-2-yl-1,3-thiazole",18277-27-5,1
,sweet,519764,519764,204.35,CC(CCC=C(C)C)C1CCC(=C)C=C1,3-(6-methylhept-5-en-2-yl)-6-methylidenecyclohexene,sesquiphellandrene,1
,green tea,519857,519857,222.37,CC1CCC(C2C1(CCC(=C2)C)O)C(C)C,"4,7-dimethyl-1-propan-2-yl-2,3,4,5,6,8a-hexahydro-1H-naphthalen-4a-ol",cubenol,1
,popcorn-like aroma??,520108,520108,127.17,CC(=O)C1=NC=CS1,"1-(1,3-thiazol-2-yl)ethanone",2-acetylthiazole,1
,nutty aroma,520191,520191,154.23,CC1=CC(=C(S1)C)C(=O)C,"1-(2,5-dimethylthiophen-3-yl)ethanone","3-acetyl-2,5-dimethylthiophene",1
,herbaceous,520440,520440,152.23,CC1=CCC(CC1)C(C)C=O,2-(4-methylcyclohex-3-en-1-yl)propanal,p-menth-1-en-9-al,1
,,520484,520484,130.23,CC(C)C(C)(C(C)C)O,"2,3,4-trimethylpentan-3-ol","2,3,4-trimethyl-3-pentanol",0
,fruity,520583,520583,170.25,CCCCCCC=COC(=O)C,oct-1-enyl acetate,octen-1-ol acetate,1
,nutty,520888,520888,155.22,CC1=C(SC(=N1)C)C(=O)C,"1-(2,4-dimethyl-1,3-thiazol-5-yl)ethanone","5-acetyl-2,4-dimethylthiazole",1
,roasted aroma??????,520895,520895,180.4,CCC1SC(SS1)CC,"3,5-diethyl-1,2,4-trithiolane","3,5-diethyl-1,2,4-trithiolane",1
,,521246,521246,130.14,CC(C(=O)C)OC(=O)C,3-oxobutan-2-yl acetate,3-oxobutan-2-yl acetate,0
,Sulphureous aroma??????,522458,522458,164.3,CCCCSSCCC,1-(propyldisulfanyl)butane,butyl propyl disulfide,1
,terpineolic,522514,522514,154.25,CC1(CCCC(O1)(C)C=C)C,"2-ethenyl-2,6,6-trimethyloxane",7392-19-0,1
,mint,525915,525915,166.22,CC(=C)C1CCC2(C(C1=O)O2)C,6-methyl-3-prop-1-en-2-yl-7-oxabicyclo[4.1.0]heptan-2-one,90582-88-0,1
,floral,526177,526177,116.18,CC1=C(CCO1)S,"5-methyl-2,3-dihydrofuran-4-thiol",26486-13-5,1
,spicy aroma??????,526762,526762,150.22,CC(C)C1=CC=C(CC1)C=O,"4-propan-2-ylcyclohexa-1,3-diene-1-carbaldehyde","1,3-p-menthadien-7-al",1
,roasted aroma,526853,526853,143.21,CC(=O)C1=CSCCN1,"1-(3,4-dihydro-2H-1,4-thiazin-5-yl)ethanone","1-(3,4-dihydro-2h-1,4-thiazin-5-yl)ethanone",1
,spicy,527144,527144,196.29,CC1=CCC(CC1)C(C)COC(=O)C,2-(4-methylcyclohex-3-en-1-yl)propyl acetate,p-menth-1-en-9-yl acetate,1
,carrot like,527268,527268,178.27,CCOC1=C(C=CC(=C1)C(C)C)C,2-ethoxy-1-methyl-4-propan-2-ylbenzene,carvacryl ethyl ether,1
,Fishy aroma??????,529251,529251,125.17,CCC(=O)C1=NCCC1,"1-(3,4-dihydro-2H-pyrrol-5-yl)propan-1-one",133447-37-7,1
,red berry,529253,529253,158.19,CCCC(=O)OC(C)C(=O)C,3-oxobutan-2-yl butanoate,1-methyl-2-oxopropyl butyrate,1
,Floral,529304,529304,170.25,CC1(C(O1)CCC(C)(C=C)O)C,"5-(3,3-dimethyloxiran-2-yl)-3-methylpent-1-en-3-ol",cis-linaloloxide,1
,grassy green aroma,529344,529344,161.2,CC(=C)C1=CC(=NC=C1)C(=O)C,1-(4-prop-1-en-2-ylpyridin-2-yl)ethanone,142896-11-5,1
,leafy aroma,529345,529345,163.22,CC(C)C1=CC(=NC=C1)C(=O)C,1-(4-propan-2-ylpyridin-2-yl)ethanone,142896-09-1,1
,herbal green aroma,529352,529352,161.2,CC(=C)C1=NC=CC(=C1)C(=O)C,1-(2-prop-1-en-2-ylpyridin-4-yl)ethanone,142896-12-6,1
,citrus,538497,538497,168.23,CC(=C)C1CCC(C=C1)(C)OO,3-hydroperoxy-3-methyl-6-prop-1-en-2-ylcyclohexene,"(1s,4r)-p-mentha-2,8-diene, 1-hydroperoxide",1
,rose-like aroma,543323,543323,156.26,CC(CCCC(=C)C)CCO,"3,7-dimethyloct-7-en-1-ol","3,7-dimethyloct-7-en-1-ol",1
,,543664,543664,114.14,COC(=O)CCC=C,methyl pent-4-enoate,methyl pent-4-enoate,0
,,544628,544628,128.17,CC1CCC(=O)OC1C,"5,6-dimethyloxan-2-one","5,6-dimethyloxan-2-one",0
,camphoraceous aroma??,565594,565594,182.26,CC1(C2CCC1(C(C2)C(=O)O)C)C,"1,7,7-trimethylbicyclo[2.2.1]heptane-2-carboxylic acid",camphanic acid,1
,Sweet balsamic aroma,579675,579675,138.16,CC1=CC(=C(O1)C(=O)C)C,"1-(3,5-dimethylfuran-2-yl)ethanone","1-(3,5-dimethylfuran-2-yl)ethanone",1
,herbal like,586292,586292,152.23,CC1COC2C1CCC(=C2)C,"3,6-dimethyl-2,3,3a,4,5,7a-hexahydro-1-benzofuran",anethofuran,1
,cinnamon,637511,637511,132.16,C1=CC=C(C=C1)/C=C/C=O,(E)-3-phenylprop-2-enal,cinnamaldehyde,1
,strawberry,637520,637520,162.18,COC(=O)/C=C/C1=CC=CC=C1,methyl (E)-3-phenylprop-2-enoate,methyl cinnamate,1
,aniseed,637563,637563,148.2,C/C=C/C1=CC=C(C=C1)OC,1-methoxy-4-[(E)-prop-1-enyl]benzene,anethole,1
,citrus,637564,637564,96.13,C/C=C/C=C/C=O,"(2E,4E)-hexa-2,4-dienal","2,4-hexadienal",1
,rose,637566,637566,154.25,CC(=CCC/C(=C/CO)/C)C,"(2E)-3,7-dimethylocta-2,6-dien-1-ol",geraniol,1
,floral,637759,637759,146.19,CC(=O)/C=C/C1=CC=CC=C1,(E)-4-phenylbut-3-en-2-one,benzylideneacetone,1
,fruity,638014,638014,192.3,CC1=C(C(CCC1)(C)C)/C=C/C(=O)C,"(E)-4-(2,6,6-trimethylcyclohexen-1-yl)but-3-en-2-one",beta-ionone,1
,spicy aroma,642376,642376,188.22,CCC/C=C\1/C2=CC=CC=C2C(=O)O1,(3Z)-3-butylidene-2-benzofuran-1-one,3-butylidenephthalide,1
,lemon,643779,643779,152.23,CC(=CCC/C(=C\C=O)/C)C,"(2Z)-3,7-dimethylocta-2,6-dienal",neral,1
,sweet,643820,643820,154.25,CC(=CCC/C(=C\CO)/C)C,"(2Z)-3,7-dimethylocta-2,6-dien-1-ol",nerol,1
,rose,764139,764139,254.32,C/C=C/C1=CC(=C(C=C1)OCC2=CC=CC=C2)OC,2-methoxy-1-phenylmethoxy-4-[(E)-prop-1-enyl]benzene,120-11-6,1
,Flower,853433,853433,164.2,C/C=C/C1=CC(=C(C=C1)O)OC,2-methoxy-4-[(E)-prop-1-enyl]phenol,isoeugenol,1
,clove-like aroma??,876160,876160,206.24,C/C=C/C1=CC(=C(C=C1)OC(=O)C)OC,[2-methoxy-4-[(E)-prop-1-enyl]phenyl] acetate,acetylisoeugenol,1
,Woody aroma??,929262,929262,250.38,C[C@]12CCCC([C@@H]1CC[C@@]3([C@@H]2CC(=O)O3)C)(C)C,"(3aR,5aS,9aS,9bR)-3a,6,6,9a-tetramethyl-1,4,5,5a,7,8,9,9b-octahydrobenzo[e][1]benzofuran-2-one",sclareolide,1
,Floral,1549025,1549025,196.29,CC(=CCC/C(=C\COC(=O)C)/C)C,"[(2Z)-3,7-dimethylocta-2,6-dienyl] acetate",neryl acetate,1
,Flower,1549026,1549026,196.29,CC(=CCC/C(=C/COC(=O)C)/C)C,"[(2E)-3,7-dimethylocta-2,6-dienyl] acetate",geranyl acetate,1
,clove-carnation,1549045,1549045,178.23,C/C=C\C1=CC(=C(C=C1)OC)OC,"1,2-dimethoxy-4-[(Z)-prop-1-enyl]benzene",cis-methylisoeugenol,1
,Flower,1549107,1549107,222.37,CC(=CCC/C(=C\CC/C(=C\CO)/C)/C)C,"(2Z,6Z)-3,7,11-trimethyldodeca-2,6,10-trien-1-ol","cis,cis-farnesol",1
,rose,1549108,1549108,222.37,CC(=CCC/C(=C/CC/C(=C\CO)/C)/C)C,"(2Z,6E)-3,7,11-trimethyldodeca-2,6,10-trien-1-ol","(2z,6e)-farnesol",1
,Flower,1549109,1549109,222.37,CC(=CCC/C(=C\CC/C(=C/CO)/C)/C)C,"(2E,6Z)-3,7,11-trimethyldodeca-2,6,10-trien-1-ol","(e,z)-farnesol",1
,rose,1549778,1549778,194.31,CC(=CCC/C(=C/CCC(=O)C)/C)C,"(5E)-6,10-dimethylundeca-5,9-dien-2-one",geranylacetone,1
,sweet,1549992,1549992,222.37,CC1=CC[C@@H](CC1)[C@@](C)(CCC=C(C)C)O,(2R)-6-methyl-2-[(1R)-4-methylcyclohex-3-en-1-yl]hept-5-en-2-ol,alpha-bisabolol,1
,floral,1550884,1550884,216.32,CCCCCC/C(=C\C1=CC=CC=C1)/C=O,(2E)-2-benzylideneoctanal,alpha-hexylcinnamaldehyde,1
,floral,1550890,1550890,264.3,C1=CC=C(C=C1)/C=C/COC(=O)/C=C/C2=CC=CC=C2,[(E)-3-phenylprop-2-enyl] (E)-3-phenylprop-2-enoate,cinnamyl cinnamate,1
,jasmine??,1623625,1623625,202.29,CCCCC/C(=C\C1=CC=CC=C1)/C=O,(2E)-2-benzylideneheptanal,amylcinnamaldehyde,1
,jasmine??????,1712058,1712058,202.29,CCCCC/C(=C/C1=CC=CC=C1)/C=O,(2Z)-2-benzylideneheptanal,2-benzylideneheptanal,1
,spicy aroma??????,1742210,1742210,220.35,C[C@@]12CC[C@@H]3[C@H](CC3(C)C)C(=C)CC[C@H]1O2,"(1R,4R,6R,10S)-4,12,12-trimethyl-9-methylidene-5-oxatricyclo[8.2.0.04,6]dodecane",caryophyllene oxide,1
,floral aroma??,1757003,1757003,192.3,CC(=CCC/C(=C/C=C/C(=O)C)/C)C,"(3E,5E)-6,10-dimethylundeca-3,5,9-trien-2-one",pseudoionone,1
,spicy aroma??,2734646,2734646,146.19,CC1=C(OC2=CC=CC=C12)C,"2,3-dimethyl-1-benzofuran","2,3-dimethylbenzofuran",1
,honey floral,2736960,2736960,228.27,CS(=O)(=O)C1=CC=C(C=C1)CCC(=O)O,3-(4-methylsulfonylphenyl)propanoic acid,387350-46-1,1
,balsamic,3033866,3033866,204.35,CC1=CC/C(=C(/C)\CCC=C(C)C)/CC1,(4Z)-1-methyl-4-(6-methylhept-5-en-2-ylidene)cyclohexene,(z)-gamma-bisabolene,1
,,3782139,3782139,152.23,CCCC1CC(=CC(=O)C1)C,3-methyl-5-propylcyclohex-2-en-1-one,3720-16-9,0
,herbaceous,4120025,4120025,171.31,CC1C(=NC(S1)CC(C)C)C,"4,5-dimethyl-2-(2-methylpropyl)-2,5-dihydro-1,3-thiazole",65894-83-9,1
,Sweet,4447651,4447651,134.2,CC(=O)OCCSC,2-methylsulfanylethyl acetate,2-(methylthio)ethyl acetate,1
,floral aroma??????,5273465,5273465,204.26,CCCCOC(=O)/C=C/C1=CC=CC=C1,butyl (E)-3-phenylprop-2-enoate,butyl cinnamate,1
,,5273469,5273469,238.28,C1=CC=C(C=C1)COC(=O)/C=C/C2=CC=CC=C2,benzyl (E)-3-phenylprop-2-enoate,benzyl cinnamate,0
,fruity aroma??????,5280341,5280341,224.38,CC(CC/C=C(\C)/CCC=C(C)C)CCO,"(6E)-3,7,11-trimethyldodeca-6,10-dien-1-ol",dihydrofarnesol,1
,Floral,5280435,5280435,296.5,C[C@@H](CCC[C@@H](C)CCC/C(=C/CO)/C)CCCC(C)C,"(E,7R,11R)-3,7,11,15-tetramethylhexadec-2-en-1-ol",phytol,1
,grass,5280450,5280450,280.4,CCCCC/C=C\C/C=C\CCCCCCCC(=O)O,"(9Z,12Z)-octadeca-9,12-dienoic acid",linoleic acid,1
,citrus,5280678,5280678,170.25,C/C(=C\CCC(C)(C=C)O)/CO,"(2E)-2,6-dimethylocta-2,7-diene-1,6-diol",8-hydroxylinalool,1
,fruity,5280934,5280934,278.4,CC/C=C\C/C=C\C/C=C\CCCCCCCC(=O)O,"(9Z,12Z,15Z)-octadeca-9,12,15-trienoic acid",linolenic acid,1
,grass,5281167,5281167,100.16,CC/C=C\CCO,(Z)-hex-3-en-1-ol,cis-3-hexen-1-ol,1
,clove-like aroma,5281515,5281515,204.35,C/C/1=C\CCC(=C)[C@H]2CC([C@@H]2CC1)(C)C,"(1R,4E,9S)-4,11,11-trimethyl-8-methylidenebicyclo[7.2.0]undec-4-ene",beta-caryophyllene,1
,Floral,5281516,5281516,204.35,CC(=CCC/C(=C/C/C=C(\C)/C=C)/C)C,"(3E,6E)-3,7,11-trimethyldodeca-1,3,6,10-tetraene",alpha-farnesene,1
,fruity,5281517,5281517,204.35,CC(=CCC/C(=C/CCC(=C)C=C)/C)C,"(6E)-7,11-dimethyl-3-methylidenedodeca-1,6,10-triene",trans-beta-farnesene,1
,rose,5281519,5281519,204.35,C/C/1=C\CC/C(=C/CC(=C(C)C)CC1)/C,"(1E,5E)-1,5-dimethyl-8-propan-2-ylidenecyclodeca-1,5-diene",germacrene b,1
,spice,5281520,5281520,204.35,C/C/1=C\CC(/C=C/C/C(=C/CC1)/C)(C)C,"(1E,4E,8E)-2,6,6,9-tetramethylcycloundeca-1,4,8-triene",humulene,1
,sweet,5281532,5281532,220.35,C/C(=C/CCC1(C2CCC(C2)C1=C)C)/CO,(Z)-2-methyl-5-(2-methyl-3-methylidene-2-bicyclo[2.2.1]heptanyl)pent-2-en-1-ol,(z)-.beta.-santalol,1
,citrus,5281535,5281535,218.33,C/C(=C\CCC(=C)C=C)/CC/C=C(\C)/C=O,"(2E,6E)-2,6-dimethyl-10-methylidenedodeca-2,6,11-trienal",beta-sinensal,1
,grass,5281553,5281553,136.23,CC(=CC/C=C(\C)/C=C)C,"(3E)-3,7-dimethylocta-1,3,6-triene",(e)-beta-ocimene,1
,raspberry,5282108,5282108,192.3,CC1=CCCC(C1/C=C/C(=O)C)(C)C,"(E)-4-(2,6,6-trimethylcyclohex-2-en-1-yl)but-3-en-2-one",alpha-ionone,1
,rose,5282109,5282109,182.26,CC(=CCC/C(=C/COC=O)/C)C,"[(2E)-3,7-dimethylocta-2,6-dienyl] formate",geranyl formate,1
,sweet,5282110,5282110,176.21,CC(=O)OC/C=C/C1=CC=CC=C1,[(E)-3-phenylprop-2-enyl] acetate,cinnamyl acetate,1
,sweet,5282707,5282707,114.14,CCC/C=C/C(=O)O,(E)-hex-2-enoic acid,trans-2-hexenoic acid,1
,sweet,5282708,5282708,114.14,CC/C=C/CC(=O)O,(E)-hex-3-enoic acid,trans-3-hexenoic acid,1
,butterscotch,5282714,5282714,142.2,CCCCC/C=C/C(=O)O,(E)-oct-2-enoic acid,trans-2-octenoic acid,1
,greasy,5282718,5282718,142.2,CC/C=C\CCCC(=O)O,(Z)-oct-5-enoic acid,cis-5-octenoic acid,1
,fatty aroma,5283316,5283316,112.17,CCCC/C=C/C=O,(E)-hept-2-enal,trans-2-heptenal,1
,citrus,5283345,5283345,154.25,CCCCCCC/C=C/C=O,(E)-dec-2-enal,trans-2-decenal,1
,citus aroma??,5283363,5283363,196.33,CCCCCCCCCC/C=C/C=O,(E)-tridec-2-enal,2-tridecenal,1
,rose apple aroma,5284507,5284507,222.37,CC(=CCC/C(=C/CCC(C)(C=C)O)/C)C,"(6E)-3,7,11-trimethyldodeca-1,6,10-trien-3-ol",nerolidol,1
,fatty aroma,5312586,5312586,156.22,CCCCCC/C=C/C(=O)O,(E)-non-2-enoic acid,2-nonenoic acid,1
,floral,5315892,5315892,134.17,C1=CC=C(C=C1)/C=C/CO,(E)-3-phenylprop-2-en-1-ol,cinnamyl alcohol,1
,Musky aroma??,5315941,5315941,250.4,C1CCC/C=C\CCCCCCCC(=O)CCC1,(9Z)-cycloheptadec-9-en-1-one,civetone,1
,"Fruit, spice",5316217,5316217,216.32,CC1=COC2=C1CC([C@](C2)(C)C=C)C(=C)C,"(6S)-6-ethenyl-3,6-dimethyl-5-prop-1-en-2-yl-5,7-dihydro-4H-1-benzofuran",curzerene,1
,spice,5317062,5317062,230.3,CC1=COC2=C1C(=O)[C@@H]([C@](C2)(C)C=C)C(=C)C,"(5R,6S)-6-ethenyl-3,6-dimethyl-5-prop-1-en-2-yl-5,7-dihydro-1-benzofuran-4-one",epicurzerenone,1
,balsamic,5317844,5317844,204.35,C[C@H]1CC[C@H](CC2=C1CC[C@@H]2C)C(=C)C,"(1S,4S,7R)-1,4-dimethyl-7-prop-1-en-2-yl-1,2,3,4,5,6,7,8-octahydroazulene",alpha-guaiene,1
,waalnut,5318042,5318042,100.16,CCC/C=C/CO,(E)-hex-2-en-1-ol,trans-2-hexen-1-ol,1
,,5319022,5319022,190.24,CCC/C=C\1/C2=C(C=CCC2)C(=O)O1,"(3Z)-3-butylidene-4,5-dihydro-2-benzofuran-1-one",ligustilide,0
,rose,5320128,5320128,222.37,CC(=CCC/C(=C\CCC(C)(C=C)O)/C)C,"(6Z)-3,7,11-trimethyldodeca-1,6,10-trien-3-ol",cis-nerolidol,1
,vegetable,5320191,5320191,140.22,CC/C=C/CC/C=C/CO,"(2E,6E)-nona-2,6-dien-1-ol","2,6-nonadien-1-ol",1
,herbaceous,5320250,5320250,136.23,CC(=CC/C=C(/C)\C=C)C,"(3Z)-3,7-dimethylocta-1,3,6-triene",(z)-beta-ocimene,1
,lavender,5352147,5352147,222.37,CC(=CCC/C(=C\CC(CO)C(=C)C)/C)C,"(4Z)-5,9-dimethyl-2-prop-1-en-2-yldeca-4,8-dien-1-ol",(z)-sesquilavandulol,1
,sweet,5352437,5352437,204.35,CC1=CC/C(=C(\C)/CCC=C(C)C)/CC1,(4E)-1-methyl-4-(6-methylhept-5-en-2-ylidene)cyclohexene,(e)-gamma-bisabolene,1
,herbaceous,5352456,5352456,204.26,CCC/C=C/COC(=O)C1=CC=CC=C1,[(E)-hex-2-enyl] benzoate,e-2-hexenyl benzoate,1
,,5352557,5352557,142.2,CC/C=C/CCOC(=O)C,[(E)-hex-3-enyl] acetate,trans-3-hexenyl acetate,0
,coconut,5352653,5352653,204.35,CC1=CCC(CC1)/C(=C\CC=C(C)C)/C,"1-methyl-4-[(2Z)-6-methylhepta-2,5-dien-2-yl]cyclohexene",(z)-alpha-bisabolene,1
,grass,5352696,5352696,182.3,CCCCC/C=C(\CCCC)/C=O,(E)-2-butyloct-2-enal,(e)-2-butyl-2-octenal,1
,spicy aroma,5352899,5352899,188.22,CCC/C=C/1\C2=CC=CC=C2C(=O)O1,(3E)-3-butylidene-2-benzofuran-1-one,butylidenephthalide,1
,spicy aroma??,5352905,5352905,194.23,C/C=C/C1=CC(=C(C(=C1)OC)O)OC,"2,6-dimethoxy-4-[(E)-prop-1-enyl]phenol","4-propenyl-2,6-dimethoxyphenol",1
,sweet aroma,5353001,5353001,221.34,C/C=C/C=C\CC/C=C/C(=O)NCC(C)C,"(2E,6Z,8E)-N-(2-methylpropyl)deca-2,6,8-trienamide",spilanthol,1
,Fatty aroma,5354605,5354605,170.25,CCCCC(CC)/C=C\C(=O)O,(Z)-4-ethyloct-2-enoic acid,"2-octenoic acid, 4-ethyl-, (2z)-",1
,rose,5354882,5354882,182.26,CC(=CCC/C(=C\COC=O)/C)C,"[(2Z)-3,7-dimethylocta-2,6-dienyl] formate",neryl formate,1
,balsamic,5354883,5354883,162.18,C1=CC=C(C=C1)/C=C/COC=O,[(E)-3-phenylprop-2-enyl] formate,cinnamyl formate,1
,fruity,5355152,5355152,114.14,CC/C=C\CC(=O)O,(Z)-hex-3-enoic acid,cis-3-hexenoic acid,1
,floral balsamic,5355254,5355254,204.26,CCCC(=O)OC/C=C/C1=CC=CC=C1,[(E)-3-phenylprop-2-enyl] butanoate,cinnamyl butyrate,1
,balsamic fruity,5355851,5355851,204.26,CC(C)C(=O)OC/C=C/C1=CC=CC=C1,[(E)-3-phenylprop-2-enyl] 2-methylpropanoate,cinnamyl isobutyrate,1
,rose,5355856,5355856,224.34,CCCC(=O)OC/C=C(\C)/CCC=C(C)C,"[(2E)-3,7-dimethylocta-2,6-dienyl] butanoate",geranyl butyrate,1
,Gardenia,5355858,5355858,284.4,CC(=CCCC(C)(C=C)OC(=O)/C=C/C1=CC=CC=C1)C,"3,7-dimethylocta-1,6-dien-3-yl (E)-3-phenylprop-2-enoate",linalyl cinnamate,1
,rose,5357002,5357002,204.26,C/C=C(\C)/C(=O)OCCC1=CC=CC=C1,2-phenylethyl (E)-2-methylbut-2-enoate,phenethyl tiglate,1
,Almond,5357153,5357153,230.3,C1CCC(CC1)OC(=O)/C=C/C2=CC=CC=C2,cyclohexyl (E)-3-phenylprop-2-enoate,cyclohexyl cinnamate,1
,,5362563,5362563,139.22,CC1=C(SC(=N1)C)C=C,"5-ethenyl-2,4-dimethyl-1,3-thiazole","2,4-dimethyl-5-vinylthiazole",0
,Burnt meaty aroma,5362572,5362572,136.15,CC1=NC=CC(=N1)C(=O)C,1-(2-methylpyrimidin-4-yl)ethanone,67860-38-2,1
,sweet-rosey aroma,5362584,5362584,143.25,CCC1N=C(C(S1)C)C,"2-ethyl-4,5-dimethyl-2,5-dihydro-1,3-thiazole",76788-46-0,1
,,5362620,5362620,154.25,CCCCC/C=C\CCC=O,(Z)-dec-4-enal,cis-4-decenal,0
,grass,5362889,5362889,204.35,CC(=CCC/C(=C/C/C=C(/C)\C=C)/C)C,"(3Z,6E)-3,7,11-trimethyldodeca-1,3,6,10-tetraene","(z,e)-alpha-farnesene",1
,jasmine-like aroma??,5363233,5363233,154.25,CCCCCC/C=C/C(=O)C,(E)-dec-3-en-2-one,3-decen-2-one,1
,,5364533,5364533,208.38,CCCCCCC/C=C/C1CCCCC1,[(E)-non-1-enyl]cyclohexane,1-cyclohexylnonene,0
,grass,5364578,5364578,112.17,CCC/C=C/C(=O)C,(E)-hept-3-en-2-one,3-hepten-2-one,1
,fruity/green berry,5364729,5364729,140.18,C/C=C(\C)/C(=O)OCC=C,prop-2-enyl (E)-2-methylbut-2-enoate,allyl tiglate,1
,fruity aroma,5365622,5365622,156.26,CCCC/C=C\CCCCO,(Z)-dec-5-en-1-ol,z-5-decen-1-ol,1
,musk,5365703,5365703,252.39,C1CCCCOC(=O)CCCCC/C=C\CCC1,(8Z)-1-oxacycloheptadec-8-en-2-one,ambrettolid,1
,herbaceous,5365794,5365794,226.35,CCOC(/C=C(\C)/CCC=C(C)C)OCC,"(2E)-1,1-diethoxy-3,7-dimethylocta-2,6-diene",citral diethyl acetal,1
,pine apple,5365872,5365872,290.5,CC(=CCC/C(=C/CC/C(=C/CCC(C)(C=C)O)/C)/C)C,"(6E,10E)-3,7,11,15-tetramethylhexadeca-1,6,10,14-tetraen-3-ol",geranyllinalool,1
,minty,5365890,5365890,220.35,CC(=CCC/C(=C/CC/C(=C\C=O)/C)/C)C,"(2Z,6E)-3,7,11-trimethyldodeca-2,6,10-trienal","(2z,6e)-farnesal",1
,floral,5365891,5365891,126.2,CCCCC(=O)/C=C/C,(E)-oct-2-en-4-one,2-octen-4-one,1
,balsamic,5365916,5365916,192.3,C/C=C/C(=O)C1C(C=CCC1(C)C)C,"(E)-1-(2,6,6-trimethylcyclohex-3-en-1-yl)but-2-en-1-one",delta-damascone,1
,woody,5365976,5365976,232.36,CC1=CCCC(C1/C=C/C(=O)CCC=C)(C)C,"(1E)-1-(2,6,6-trimethylcyclohex-2-en-1-yl)hepta-1,6-dien-3-one",allyl alpha-ionone,1
,pine apple,5365992,5365992,252.39,CCCCCC(=O)OC/C=C(\C)/CCC=C(C)C,"[(2E)-3,7-dimethylocta-2,6-dienyl] hexanoate",geranyl hexanoate,1
,apple,5366074,5366074,190.28,C/C=C/C(=O)C1=C(C=CCC1(C)C)C,"(E)-1-(2,6,6-trimethylcyclohexa-1,3-dien-1-yl)but-2-en-1-one",damascenone,1
,balsamic,5366077,5366077,192.3,C/C=C/C(=O)C1C(=CCCC1(C)C)C,"(E)-1-(2,6,6-trimethylcyclohex-2-en-1-yl)but-2-en-1-one",alpha-damascone,1
,spice,5367530,5367530,180.29,CCCCCCC/C=C/C=C/C=O,"(2E,4E)-dodeca-2,4-dienal",21662-16-8,1
,Fatty aroma,5367665,5367665,268.5,CCCCCCCC/C=C/CCCCCCCCO,(E)-octadec-9-en-1-ol,elaidyl alcohol,1
,banana,5367698,5367698,218.29,CC/C=C\CCOC(=O)CC1=CC=CC=C1,[(Z)-hex-3-enyl] 2-phenylacetate,42436-07-7,1
,woody-earthy,5367706,5367706,204.26,CC/C=C\CCOC(=O)C1=CC=CC=C1,[(Z)-hex-3-enyl] benzoate,cis-3-hexenyl benzoate,1
,Flower,5367785,5367785,236.35,C/C=C(\C)/C(=O)OC/C=C(\C)/CCC=C(C)C,"[(2E)-3,7-dimethylocta-2,6-dienyl] (E)-2-methylbut-2-enoate",geranyl tiglate,1
,fruity aroma,5367806,5367806,156.22,C/C=C(\C)/C(=O)OCC(C)C,2-methylpropyl (E)-2-methylbut-2-enoate,isobutyl tiglate,1
,floral,5368491,5368491,204.31,CCCCC/C(=C\C1=CC=CC=C1)/CO,(2E)-2-benzylideneheptan-1-ol,2-benzylidene-1-heptanol,1
,grass,5368821,5368821,136.23,C/C=C(\C)/C=C/C=C(C)C,"(4E,6E)-2,6-dimethylocta-2,4,6-triene","2,6-dimethyl-2,4,6-octatriene",1
,rose,5369459,5369459,252.31,C1=CC=C(C=C1)CCOC(=O)/C=C/C2=CC=CC=C2,2-phenylethyl (E)-3-phenylprop-2-enoate,phenethyl cinnamate,1
,Cocoa,5370602,5370602,188.26,CC(C)C/C=C(/C=O)\C1=CC=CC=C1,(E)-5-methyl-2-phenylhex-2-enal,5-methyl-2-phenyl-2-hexenal,1
,camphor,5370646,5370646,160.21,C/C(=C\C1=CC=CC=C1)/C(=O)C,(E)-3-methyl-4-phenylbut-3-en-2-one,3-methyl-4-phenylbut-3-en-2-one,1
,,5371002,5371002,206.32,CC1CC=C(C(C1(C)C)/C=C/C(=O)C)C,"(E)-4-(2,5,6,6-tetramethylcyclohex-2-en-1-yl)but-3-en-2-one",alpha-irone,0
,,5372174,5372174,206.32,CC1=CCCC(C1/C=C(\C)/C(=O)C)(C)C,"(E)-3-methyl-4-(2,6,6-trimethylcyclohex-2-en-1-yl)but-3-en-2-one",127-51-5,0
,rose,5373727,5373727,204.35,C/C/1=C/CCC(=C)/C=C\C(CC1)C(C)C,"(1Z,6Z)-1-methyl-5-methylidene-8-propan-2-ylcyclodeca-1,6-diene",germacrene d,1
,Flower,5373819,5373819,162.18,COC1=CC=CC(=C1)/C=C/C=O,(E)-3-(3-methoxyphenyl)prop-2-enal,3-methoxycinnamaldehyde,1
,Tea,5374527,5374527,192.3,C/C=C/C(=O)C1=C(CCCC1(C)C)C,"(E)-1-(2,6,6-trimethylcyclohexen-1-yl)but-2-en-1-one",23726-91-2,1
,Flower,5375218,5375218,206.32,CCC(=O)/C=C/C1=C(CCCC1(C)C)C,"(E)-1-(2,6,6-trimethylcyclohexen-1-yl)pent-1-en-3-one",beta-methylionone,1
,floral,5385520,5385520,188.26,CCCC/C(=C\C1=CC=CC=C1)/C=O,(2E)-2-benzylidenehexanal,alpha-butylcinnamaldehyde,1
,almond,5463840,5463840,180.2,C1=CC=C(C=C1)/C=C(/C(CO)O)\O,"(Z)-4-phenylbut-3-ene-1,2,3-triol","(z)-4-phenylbut-3-ene-1,2,3-triol",1
,,5463905,5463905,204.31,CCCC(=O)C(CC)CC1=CC=CC=C1,3-benzylheptan-4-one,3-benzyl-4-heptanone,0
,floral aroma??????,5463906,5463906,226.35,CCCCCCC/C=C/C(=O)OCCCC,butyl (E)-dec-2-enoate,butyl 2-decenoate,1
,sweet fruit odour,5463910,5463910,156.26,CCC(C)CCCC(C)C=O,"2,6-dimethyloctanal","2,6-dimethyloctanal",1
,floral,5463911,5463911,246.39,CCOC(CC(C)CCCC(C)(C)O)OCC,"8,8-diethoxy-2,6-dimethyloctan-2-ol",hydroxycitronellal diethyl acetal,1
,roasted aroma??,5463946,5463946,126.2,CCCC/C(=C\C)/C=O,(2E)-2-ethylidenehexanal,(2e)-2-ethylidenehexanal,1
,spicy,5705112,5705112,238.28,C1=CC=C(C=C1)/C=C/COC(=O)C2=CC=CC=C2,[(E)-3-phenylprop-2-enyl] benzoate,cinnamyl benzoate,1
,floral odour reminiscent of jasmine??????,6005821,6005821,248.36,CCCCC/C(=C\C1=CC=CC=C1)/C(OC)OC,[(E)-2-(dimethoxymethyl)hept-1-enyl]benzene,91-87-2,1
,rose,6086514,6086514,224.34,CC(C)C(=O)OC/C=C(\C)/CCC=C(C)C,"[(2E)-3,7-dimethylocta-2,6-dienyl] 2-methylpropanoate",geranyl isobutyrate,1
,cinnamon,6284401,6284401,176.21,C1COC(O1)/C=C/C2=CC=CC=C2,"2-[(E)-2-phenylethenyl]-1,3-dioxolane",cinncloval,1
,orange,6365572,6365572,170.32,CC(=CCC/C(=C/CS)/C)C,"(2E)-3,7-dimethylocta-2,6-diene-1-thiol",thiogeraniol,1
,spice,6427475,6427475,204.35,CC1CCC2C1C=C(CC=C2C)C(C)C,"1,4-dimethyl-7-propan-2-yl-1,2,3,3a,6,8a-hexahydroazulene","(1xi,4xi,5xi)-guaia-6,9-diene",1
,herbaceous,6428461,6428461,204.35,CC1=CCC(=CC1)C(C)CCC=C(C)C,"1-methyl-4-(6-methylhept-5-en-2-yl)cyclohexa-1,4-diene",.beta.-curcumene,1
,fat,6428553,6428553,152.23,CCCCC/C=C/C=C\C=O,"(2Z,4E)-deca-2,4-dienal","cis,trans-2,4-decadienal",1
,Fruity aroma??????,6428929,6428929,164.2,CC(=O)C(CC1=CC=CC=C1)O,3-hydroxy-4-phenylbutan-2-one,3-hydroxy-4-phenylbutan-2-one,1
,spice,6429077,6429077,202.33,C[C@H]1CC[C@H](C2=C1C=CC(=C2)C)C(C)C,"(1S,4S)-1,6-dimethyl-4-propan-2-yl-1,2,3,4-tetrahydronaphthalene",calamenene,1
,raspberry,6429375,6429375,222.37,C/C/1=C\CC[C@@](/C=C/[C@@H](CC1)C(C)C)(C)O,"(1R,2E,4S,7E)-1,7-dimethyl-4-propan-2-ylcyclodeca-2,7-dien-1-ol",germacren-4-ol,1
,sweet,6430754,6430754,222.37,CC1=C2C[C@@H](CC[C@@]2(CCC1)C)C(C)(C)O,"2-[(2R,4aS)-4a,8-dimethyl-2,3,4,5,6,7-hexahydro-1H-naphthalen-2-yl]propan-2-ol",10-epi-gamma-eudesmol,1
,citrus,6431475,6431475,170.25,C[C@@]1(CC[C@@H](O1)C(C)(C)O)C=C,"2-[(2R,5R)-5-ethenyl-5-methyloxolan-2-yl]propan-2-ol",trans-furan linalool oxide,1
,citrus,6431477,6431477,170.25,C[C@@]1([C@H](CCC(O1)(C)C)O)C=C,"(2S,3S)-2-ethenyl-2,6,6-trimethyloxan-3-ol","linalool oxide, pyrane, (z)-",1
,flower,6432254,6432254,170.25,C[C@]1(CC[C@H](O1)C(C)(C)O)C=C,"2-[(2S,5S)-5-ethenyl-5-methyloxolan-2-yl]propan-2-ol",trans-linalool oxide,1
,mint,6432468,6432468,156.26,C[C@H]1CC[C@H]([C@@H](C1)O)C(C)C,"(1R,2S,5S)-5-methyl-2-propan-2-ylcyclohexan-1-ol",isomenthol,1
,minty aroma??,6432473,6432473,156.26,C[C@H]1CC[C@@H](C[C@@H]1O)C(C)C,"(1S,2S,5S)-2-methyl-5-propan-2-ylcyclohexan-1-ol",carvomenthol,1
,grass,6432543,6432543,222.37,C[C@H]1CCC2C1C3C(C3(C)C)CC[C@@]2(C)O,"(4R,7S)-1,1,4,7-tetramethyl-2,3,4a,5,6,7,7a,7b-octahydro-1aH-cyclopropa[e]azulen-4-ol",himbaccol,1
,mint,6433214,6433214,180.24,CCCC/C=C/1\C(=C(C(=O)O1)C)C,"(5E)-3,4-dimethyl-5-pentylidenefuran-2-one",bovolide,1
,grassy,6433507,6433507,246.34,CCCCCC(/C=C/C1=CC=CC=C1)OC(=O)C,[(E)-1-phenyloct-1-en-3-yl] acetate,amyl cinnamyl acetate,1
,pineapple,6435833,6435833,152.19,C/C=C/C=C/C(=O)OCC=C,"prop-2-enyl (2E,4E)-hexa-2,4-dienoate",allyl sorbate,1
,fruity aroma??????,6436486,6436486,144.21,CCC/C=C/C(OC)OC,"(E)-1,1-dimethoxyhex-2-ene",trans-2-hexenal dimethyl acetal,1
,jasmin,6438070,6438070,168.23,CC/C=C/CC1CCCC(=O)O1,6-[(E)-pent-2-enyl]oxan-2-one,6-[(e)-pent-2-enyl]oxan-2-one,1
,Balsamic,6441535,6441535,290.5,CC(=CCC/C(=C/COC/C=C(/CCC=C(C)C)\C)/C)C,"(2E)-1-[(2E)-3,7-dimethylocta-2,6-dienoxy]-3,7-dimethylocta-2,6-diene",digeranyl ether,1
,sweet,6450269,6450269,220.35,C/C(=C\CC[C@@]1([C@H]2CC[C@H](C2)C1=C)C)/CO,"(E)-2-methyl-5-[(1S,2R,4R)-2-methyl-3-methylidene-2-bicyclo[2.2.1]heptanyl]pent-2-en-1-ol",trans-beta-santalol,1
,camphoraceous aroma??????,6552009,6552009,154.25,C[C@@]12CC[C@@H](C1(C)C)C[C@@H]2O,"(1R,2S,4R)-1,7,7-trimethylbicyclo[2.2.1]heptan-2-ol",(+)-borneol,1
,mint,6857383,6857383,170.25,C[C@@]12CC[C@@H](C[C@@H]1O)C(O2)(C)C,"(1R,4S,6S)-1,3,3-trimethyl-2-oxabicyclo[2.2.2]octan-6-ol",6-endo-hydroxycineole,1
,sweet,6857559,6857559,220.35,C/C(=C/CC[C@@]1(C2CC3C1(C3C2)C)C)/CO,"(Z)-5-[(3R)-2,3-dimethyl-3-tricyclo[2.2.1.02,6]heptanyl]-2-methylpent-2-en-1-ol",santalol a,1
,sweet,6857681,6857681,220.35,C/C(=C/CC[C@@]1([C@H]2CC[C@H](C2)C1=C)C)/CO,"(Z)-2-methyl-5-[(1S,2R,4R)-2-methyl-3-methylidene-2-bicyclo[2.2.1]heptanyl]pent-2-en-1-ol",beta-santalol,1
,mint,7058097,7058097,196.29,C[C@H]1CC[C@@H]([C@@H](C1)OC(=O)C)C(=C)C,"[(1R,2R,5S)-5-methyl-2-prop-1-en-2-ylcyclohexyl] acetate",neo-isopulegol acetate,1
,grass,9855795,9855795,204.35,C[C@@H]1CCC=C2[C@]1(C[C@@H](CC2)C(=C)C)C,"(3R,4aS,5R)-4a,5-dimethyl-3-prop-1-en-2-yl-2,3,4,5,6,7-hexahydro-1H-naphthalene",valencene,1
,balsamic,10104370,10104370,204.35,CC1=CC[C@H](CC1)C(=C)CCC=C(C)C,"(4S)-1-methyl-4-(6-methylhepta-1,5-dien-2-yl)cyclohexene",beta-bisabolene,1
,oily,10398656,10398656,222.37,CC1=C[C@H]2[C@@H](CC[C@@]([C@@H]2CC1)(C)O)C(C)C,"(1R,4S,4aR,8aR)-1,6-dimethyl-4-propan-2-yl-3,4,4a,7,8,8a-hexahydro-2H-naphthalen-1-ol",alpha-cadinol,1
,,10608036,10608036,198.3,CCCCC1(CCC(=O)O1)CCCC,"5,5-dibutyloxolan-2-one","5,5-dibutyloxolan-2-one",0
,milky,10725569,10725569,154.21,CCCCCC1=CCC(=O)O1,5-pentyl-3H-furan-2-one,5-pentyl-3h-furan-2-one,1
,sweet,10726905,10726905,204.35,CC1=CCC[C@]2([C@H]1C[C@H](CC2)C(=C)C)C,"(3S,4aR,8aR)-5,8a-dimethyl-3-prop-1-en-2-yl-2,3,4,4a,7,8-hexahydro-1H-naphthalene",(-)-7-epi-alpha-selinene,1
,sweet,10856614,10856614,204.35,CC1=CCC[C@]2([C@H]1C[C@@H](CC2)C(=C)C)C,"(3R,4aR,8aR)-5,8a-dimethyl-3-prop-1-en-2-yl-2,3,4,4a,7,8-hexahydro-1H-naphthalene",alpha-selinene,1
,sweet aroma??????,11196546,11196546,272.29,COC1=C(C=C(C=C1)C2CCC3=C(O2)C=C(C=C3)O)O,"2-(3-hydroxy-4-methoxyphenyl)-3,4-dihydro-2H-chromen-7-ol","7,3'-dihydroxy-4'-methoxyflavan",1
,mint-like aroma??????,11276107,11276107,222.37,C[C@@H]1CC[C@H]([C@H]2[C@]13[C@@H]2[C@@](CC3)(C)O)C(C)C,"(1R,4S,5R,6R,7S,10R)-4,10-dimethyl-7-propan-2-yltricyclo[4.4.0.01,5]decan-4-ol",cubebol,1
,green aroma??????,11572085,11572085,220.35,C[C@@H]1CC(=O)CC2[C@]1(C[C@@H](CC2)C(=C)C)C,"(4R,4aS,6R)-4,4a-dimethyl-6-prop-1-en-2-yl-1,3,4,5,6,7,8,8a-octahydronaphthalen-2-one","1,10-dihydronootkatone",1
,Fruity aroma??????,11830590,11830590,206.28,CC(C)C(=O)OC(C)(C)C1=CC=CC=C1,2-phenylpropan-2-yl 2-methylpropanoate,7774-60-9,1
,mint-like aroma,11976203,11976203,222.37,CC1CCC(C2C13C2C(CC3)(C)O)C(C)C,"4,10-dimethyl-7-propan-2-yltricyclo[4.4.0.01,5]decan-4-ol",cubebanol,1
,garlic-like,12205936,12205936,111.17,C1=C[13CH]=C(C=C1)S,(213C)cyclohexatrienethiol,(213C)cyclohexatrienethiol,1
,oily,12306048,12306048,204.35,CC1=C[C@@H]2[C@@H](CC1)C(=CC[C@H]2C(C)C)C,"(1S,4aR,8aR)-4,7-dimethyl-1-propan-2-yl-1,2,4a,5,6,8a-hexahydronaphthalene",alpha-cadinene,1
,grass,12309745,12309745,204.35,C[C@@H]1CCC=C2[C@]1(CC(CC2)C(=C)C)C,"(4aS,5R)-4a,5-dimethyl-3-prop-1-en-2-yl-2,3,4,5,6,7-hexahydro-1H-naphthalene",valencene (isomer i),1
,balsamic,12314318,12314318,152.23,CC1(C2C[C@H](C(=C)C1C2)O)C,"(3R)-6,6-dimethyl-2-methylidenebicyclo[3.1.1]heptan-3-ol",bmse000561,1
,sweet,12315252,12315252,204.35,CC(=CCC[C@@]1(C2C[C@H]3C1([C@H]3C2)C)C)C,"(2S,6R,7R)-1,7-dimethyl-7-(4-methylpent-3-enyl)tricyclo[2.2.1.02,6]heptane",(+)-alpha-santalene,1
,fatty aroma??,12762300,12762300,208.34,CCCCCCCCCCC1=CC=CO1,2-decylfuran,2-decylfuran,1
,minty aroma??,12956600,12956600,164.24,CC1=C(CC(CC1)C(=C)C)C=O,2-methyl-5-prop-1-en-2-ylcyclohexene-1-carbaldehyde,2-methyl-5-(1-methylethenyl)cyclohexene-1-carboxaldehyde,1
,pineapple,13010742,13010742,156.22,CCCCC(CC=C)C(=O)O,2-prop-2-enylhexanoic acid,2-allylhexanoic acid,1
,camphoraceous aroma??????,13428328,13428328,182.26,C[C@@]12CC[C@@H](C1(C)C)C[C@@H]2OC=O,"[(1R,2S,4R)-1,7,7-trimethyl-2-bicyclo[2.2.1]heptanyl] formate",bornyl formate,1
,mint,13918681,13918681,154.25,CC(C)[C@@H]1CC[C@](C=C1)(C)O,"(1S,4S)-1-methyl-4-propan-2-ylcyclohex-2-en-1-ol",(z)-p-menth-2-en-1-ol,1
,sweet,14059042,14059042,218.33,C/C(=C\CCC1(C2CC3C1(C3C2)C)C)/C=O,"(E)-5-(2,3-dimethyl-3-tricyclo[2.2.1.02,6]heptanyl)-2-methylpent-2-enal",(e)-.alpha.-santalal,1
,herbaceous aroma??,14344497,14344497,168.23,CC1CCC2C(C(=O)OC2C1)C,"3,6-dimethyl-3a,4,5,6,7,7a-hexahydro-3H-1-benzofuran-2-one",dihydromintlactone,1
,balsamic,15560252,15560252,204.35,C[C@H]1CCC(=C(C)C)CC2=C1CC[C@@H]2C,"(1S,4S)-1,4-dimethyl-7-propan-2-ylidene-2,3,4,5,6,8-hexahydro-1H-azulene",88-84-6,1
,balsamic,15560253,15560253,204.35,C[C@@H]1CCC(=C(C)C)CC2=C1CC[C@H]2C,"(1R,4R)-1,4-dimethyl-7-propan-2-ylidene-2,3,4,5,6,8-hexahydro-1H-azulene",beta-guaiene,1
,garlic like aroma??,15667721,15667721,238.5,CC(C)CCSSSCCC(C)C,3-methyl-1-(3-methylbutyltrisulfanyl)butane,diisoamyl trisulfide,1
,grass,15983960,15983960,220.35,C[C@@H]1CC[C@H]([C@@H]2[C@H]1CCC(=C2)C)C(=C)CO,"2-[(1R,4R,4aS,8aR)-4,7-dimethyl-1,2,3,4,4a,5,6,8a-octahydronaphthalen-1-yl]prop-2-en-1-ol",artemisinic alcohol,1
,musty aroma,16204532,16204532,176.26,C1CCC(CC1)CC2=NC=CN=C2,2-(cyclohexylmethyl)pyrazine,(cyclohexylmethyl)pyrazine,1
,"sweet, floral",18373617,18373617,124.14,C1=CC=C(C=C1)OCO,phenoxymethanol,phenoxymethanol,1
,,19352744,19352744,158.19,CCCCC(C(=O)C)C(=O)O,2-acetylhexanoic acid,2-acetylhexanoic acid,0
,fruity aroma??????,19892555,19892555,308.4,CC(C)CCOC(C=O)(C1=CC=C(C=C1)O)OCCC(C)C,"2-(4-hydroxyphenyl)-2,2-bis(3-methylbutoxy)acetaldehyde",schembl9725703,1
,peach/apricot,20098061,20098061,182.26,C=CCCC(=O)OC1CCCCC1,cyclohexyl pent-4-enoate,schembl1378849,1
,,20327362,20327362,196.29,CC1(C2CCC1(C(C2)CC(=O)O)C)C,"2-(1,7,7-trimethyl-2-bicyclo[2.2.1]heptanyl)acetic acid",bornyl acetic acid,0
,sulfury aroma??????,20831821,20831821,158.22,CC1=C(CCO1)SC(=O)C,"S-(5-methyl-2,3-dihydrofuran-4-yl) ethanethioate",26486-14-6,1
,camphoraceous aroma??????,21149427,21149427,196.29,CC1=CC[C@H](C1(C)C)CCOC(=O)C,"2-[(1S)-2,2,3-trimethylcyclopent-3-en-1-yl]ethyl acetate",campholene acetate,1
,Bland aroma??,21289747,21289747,258.35,CC(C)CC(CCCC(=O)O)(CC(C)C)C(=O)O,"2,2-bis(2-methylpropyl)hexanedioic acid",schembl536369,1
,cherry,21651867,21651867,192.21,CCC(C(=O)C1=CC=CC=C1)C(=O)O,2-benzoylbutanoic acid,benzoylbutyric acid,1
,nut-like aroma??,21885377,21885377,168.23,C=CCCCC1CCCC(=O)O1,6-pent-4-enyloxan-2-one,9-decen-5-olide,1
,fruity,22235151,22235151,210.27,CC(OCCOC)OCC1=CC=CC=C1,1-(2-methoxyethoxy)ethoxymethylbenzene,benzyl methoxyethyl acetal,1
,camphoraceous aroma??????,23617863,23617863,210.31,CCC(=O)O[C@H]1C[C@@H]2CC[C@]1(C2(C)C)C,"[(1S,2S,4S)-1,7,7-trimethyl-2-bicyclo[2.2.1]heptanyl] propanoate","isobornyl propionate, >=92%",1
,camphoraceous aroma??,23623868,23623868,182.26,C[C@@]12CC[C@@H](C1(C)C)C[C@H]2OC=O,"[(1R,2R,4R)-1,7,7-trimethyl-2-bicyclo[2.2.1]heptanyl] formate",isobornyl formate,1
,camphoraceous aroma??????,24832090,24832090,238.37,CC(C)CC(=O)O[C@@H]1CC2CC[C@]1(C2(C)C)C,"[(1S,2R)-1,7,7-trimethyl-2-bicyclo[2.2.1]heptanyl] 3-methylbutanoate",a838728,1
,"sweet, tenacious",24832102,24832102,220.35,C/C(=C/CC[C@@]1(C2C[C@@H]3C1(C3C2)C)C)/CO,"(Z)-5-[(1S,3R)-2,3-dimethyl-3-tricyclo[2.2.1.02,6]heptanyl]-2-methylpent-2-en-1-ol",schembl14363250,1
,pineapple aroma,25200724,25200724,128.13,CC1=C(C(=C(O1)C)O)O,"2,5-dimethylfuran-3,4-diol",furaneol (enol form),1
,mint,40488241,40488241,196.29,C[C@@H]1CC[C@@H](C[C@@H]1OC(=O)C)C(=C)C,"[(1S,2R,5S)-2-methyl-5-prop-1-en-2-ylcyclohexyl] acetate",zinc4521481,1
,citrus,42608159,42608159,204.35,C[C@@H]1CC[C@H]([C@H]2C13[C@@H]2C(=CC3)C)C(C)C,"(5S,6R,7S,10R)-4,10-dimethyl-7-propan-2-yltricyclo[4.4.0.01,5]dec-3-ene",alpha-cubebene,1
,rancid,44134911,44134911,128.17,CC=CCCCC(=O)O,hept-5-enoic acid,hept-5-enoic acid,1
,Sweet aroma??????,44390556,44390556,296.31,C=CCC1=CC=C(C=C1)O[C@H]2[C@@H]([C@H]([C@@H]([C@H](O2)CO)O)O)O,"(2R,3S,4S,5R,6S)-2-(hydroxymethyl)-6-(4-prop-2-enylphenoxy)oxane-3,4,5-triol",4-(2-propenyl)phenyl-beta-d-glucopyranoside,1
,fresh aroma,45274957,45274957,198.34,CCC1C(CCC(O1)(C)CC)C(C)C,"2,6-diethyl-2-methyl-5-propan-2-yloxane",unii-hi63s8dq0b,1
,fruity aroma,53422473,53422473,216.36,CCCCCCOC(C)OCCC(C)C,1-[1-(3-methylbutoxy)ethoxy]hexane,acetaldehyde hexyl isoamyl acetal,1
,sweet,53422899,53422899,128.17,CC(C)C=C(C)C(=O)O,"2,4-dimethylpent-2-enoic acid","2,4-dimethyl-2-pentenoic acid",1
,fruity aroma??,53423642,53423642,228.24,C1=COC(=C1)CC2=CC(=CO2)CC3=CC=CO3,"2,4-bis(furan-2-ylmethyl)furan","2,4-difurfurylfuran",1
,sweet,54183030,54183030,220.35,CC(=CCCC1(C2C[C@H]3C1([C@H]3C2)C)C)CO,"5-[(1R,6S)-2,3-dimethyl-3-tricyclo[2.2.1.02,6]heptanyl]-2-methylpent-2-en-1-ol","5-[(1R,6S)-2,3-dimethyl-3-tricyclo[2.2.1.02,6]heptanyl]-2-methylpent-2-en-1-ol",1
,fruity,54421029,54421029,240.38,CCCCCCCCC=CC(=O)OCCCC,butyl undec-2-enoate,schembl858499,1
,minty,56924101,56924101,152.23,CC(C)C1=CCC(C=C1)CO,"(4-propan-2-ylcyclohexa-2,4-dien-1-yl)methanol",dihydro cuminyl alcohol,1
,mint,70678558,70678558,204.35,CC1=CC[C@H]2[C@H]3C1[C@]2(CC[C@H]3C(C)C)C,"(1S,6S,7S,8S)-1,3-dimethyl-8-propan-2-yltricyclo[4.4.0.02,7]dec-3-ene",copaene,1
,citrus,71586808,71586808,216.32,C[C@@H]1CC(=O)C=C2[C@]1(C[C@@H](C=C2)C(=C)C)C,"(4R,4aS,6S)-4,4a-dimethyl-6-prop-1-en-2-yl-3,4,5,6-tetrahydronaphthalen-2-one",dehydronootkatone,1
,green aroma,71587038,71587038,220.35,C[C@@H]1CC(=O)C[C@H]2[C@]1(C[C@@H](CC2)C(=C)C)C,"(4R,4aS,6R,8aS)-4,4a-dimethyl-6-prop-1-en-2-yl-1,3,4,5,6,7,8,8a-octahydronaphthalen-2-one",dihydronootkatone,1
,coumarin-like aroma??,71587277,71587277,164.2,C[C@@H]1CCC2=C(C(=O)OC2=C1)C,"(6R)-3,6-dimethyl-5,6-dihydro-4H-1-benzofuran-2-one",dehydromenthofurolactone,1
,fruity,71587538,71587538,172.29,CCCCCC(=O)SCC=C,S-prop-2-enyl hexanethioate,allyl thiohexanoate,1
,herbaceous aroma,71587848,71587848,248.36,CCCCCC(=O)OC(C)(C)CC1=CC=CC=C1,(2-methyl-1-phenylpropan-2-yl) hexanoate,dimethylbenzyl carbinyl hexanoate,1
,vanilla,71752927,71752927,185.23,[2H]C([2H])([2H])C(=O)C([2H])([2H])C1=CC(=C(C=C1)O)OC,"1,1,1,3,3-pentadeuterio-3-(4-hydroxy-3-methoxyphenyl)propan-2-one","1,1,1,3,3-pentadeuterio-3-(4-hydroxy-3-methoxyphenyl)propan-2-one",1
,fruity aroma??????,73555259,73555259,226.35,CCCCCCCC=CC(=O)OCCCC,butyl dec-2-enoate,dtxsid10864074,1
,sweet,86575103,86575103,220.35,CC1([C@@H]2CC[C@]3(C2)C(CCC3C1=C)CO)C,"[(1R,8R)-7,7-dimethyl-6-methylidene-2-tricyclo[6.2.1.01,5]undecanyl]methanol","[(1R,8R)-7,7-dimethyl-6-methylidene-2-tricyclo[6.2.1.01,5]undecanyl]methanol",1
,nutty aroma,90797532,90797532,194.18,CC(C(=O)C1=C(C=CC(=C1)O)C=O)O,4-hydroxy-2-(2-hydroxypropanoyl)benzaldehyde,4-hydroxy-2-(2-hydroxypropanoyl)benzaldehyde,1
,fruity,90887773,90887773,430.7,CCCCCCCCCCCC(=O)OC(C(CO)OCCCCCCCCCC)O,"(2-decoxy-1,3-dihydroxypropyl) dodecanoate","(2-decoxy-1,3-dihydroxypropyl) dodecanoate",1
,butter-sweet,91187616,91187616,212.24,CCCC(=O)C(=O)CCC(=O)CC(=O)C,"undecane-2,4,7,8-tetrone","undecane-2,4,7,8-tetrone",1
,spicy aroma??????,91554343,91554343,166.22,CC(=C)C1C[C@@H]2[C@](O2)(C(=O)C1)C,"(1S,6R)-1-methyl-4-prop-1-en-2-yl-7-oxabicyclo[4.1.0]heptan-2-one","(1S,6R)-1-methyl-4-prop-1-en-2-yl-7-oxabicyclo[4.1.0]heptan-2-one",1
,fruity,91746537,91746537,204.35,CC1CC[C@@H]2[C@H]1[C@@H]3[C@@H](C3(C)C)CCC2=C,"(1aS,4aR,7aS,7bR)-1,1,7-trimethyl-4-methylidene-2,3,4a,5,6,7,7a,7b-octahydro-1aH-cyclopropa[e]azulene",alloaromadendrene,1
,citrus,91747196,91747196,204.35,C[C@H]1CC[C@@H]([C@@H]2C13C2C(=CC3)C)C(C)C,"(6S,7R,10S)-4,10-dimethyl-7-propan-2-yltricyclo[4.4.0.01,5]dec-3-ene",cubebene,1
,fruity,91748522,91748522,222.37,C[C@H]1CCCC(=C)C2C1CC(C2)C(C)(C)O,"2-[(4S)-4-methyl-8-methylidene-2,3,3a,4,5,6,7,8a-octahydro-1H-azulen-2-yl]propan-2-ol",bicyclovetivenol,1
